0,,2,16,15,6,3,11,5,10,4,9,1,7,14,8,12,13,,,0.001000,37.6361,4,1,21,0.000445264,8.61009e-05,0,0,0,0.000445264,4.92005e-05,1.96802e-05,0,0,3.93604e-05,1.96802e-05,0,0,0.000445264,0.000432964,0.000458795,0,0,1.96802e-05,0.000445264,8.61009e-05,0,0.000445264,0,0,6.88807e-05,0.000115621,1.96802e-05,0,0.000439114,0.000464945,0.000115621,0.000445264,0,0.000115621,0.00101968,0,0.000452645,0.000439114,0.000494465,0,8.61009e-05,0.000445264,0,0.000384994,0.000424354,0.000455105,0.000115621,0.000494465,8.61009e-05,1.96802e-05,0.000369004,0,0.000830258,0.000369004,0.000634686,0,0.000452645,0.000384994,1.96802e-05,0,0.000193112,0,0,0.001,0,0.000232472,0.000369004,1.96802e-05,7.87208e-05,0,0.000193112,0,0.000634686,0.000193112,0,0,1.96802e-05,0.000654367,0,1,0,0,0,1,0,0,0,0,0,0,0,0,0,0,0,0,0,0,0,0,0,0,0,0,0,1,0,0,1,0,0,0,0,0,1,0,0,0,0,0,0,0,0,0,0,0,0,0,0,0,0.5,0,0.5,1,0,0,0,0,0,0,0,0,0,0,0,0,0,0,0,1,0,0,0,0,1,0,0,0,1,0,0,0,0,0,0,0,0,0,0,0,0,0,0,0,1,0,0,0,0,1,0,0,0,0,0,0,1,0,0,0,0,0,0,1,0,0,0,0,0,0,0,0,0,0,0,0,0,0,0.285714,0,0,0.714286,0,0,1,0,0,0,1,0,0,0,0,0,0,0,0,0,0,0,1,0,0,0.957672,0,0,0.042328,0,0,0,0,0,1,1,0,0,0,0,0,0,0,0,0,0,0,0,0,1,0.9807,0,0,0.0193004,0,0,0,0,0,0,0,1,0,0,0,0,0,0,1,0,0,0,1,0,0,0,0,0,0,0,0,0,0,1,0,1,0,0,0,0,0,0,0,0,0,0,0,1,0,0,0.953623,0,0,0.0463768,0,0,0.810811,0,0,0.189189,1,0,0,0,0,0,0,0.900497,0.0995025,0,0,0,0,0,1,0,0,0,1,0,0,0,0,0,1,0,0,0,0,0,0,0,0.463704,0.536296,0,0,0,0,0,1,0,0,0,1,0,0,0,0,0,0,0.956522,0.0434783,0,0,0,0,0,0,1,0,0,0,1,0,0,0,0,0,0,0,1,0,0,0,0,0,0,0,0,0,0,0,0,0,0,0,0,0.615006,0.384994,0,0,0,0,0,0,0,0,0,0.169312,0.830688,1,0,0,0,0,0,0,1,0,0,0,0,0.5,0,0.5,0,0,0,0,0,0,0,0,0,1,0,0,0,0,0,0,0,0.968992,0.0310078,0,0,0,0,0,1,0,0,0,0,0,0,0,0,0,0,1,0,0,0,0,0.0300752,0,0,0.969925,0,6.51997e-05,2.41557e-06,0,0,0,6.60598e-05,7.98356e-07,1.2764e-07,0,0,5.14143e-07,1.28471e-07,0,0,6.64919e-05,6.16295e-05,6.92465e-05,0,0,1.56931e-07,6.60598e-05,2.44729e-06,0,6.60598e-05,0,0,1.54535e-06,4.35921e-06,1.26209e-07,0,6.39021e-05,7.24564e-05,4.39351e-06,6.65151e-05,0,4.43289e-06,0.000353043,0,6.85359e-05,6.4555e-05,8.21033e-05,0,2.46322e-06,6.64919e-05,0,5.00477e-05,6.00207e-05,6.90294e-05,4.58682e-06,8.21522e-05,2.61565e-06,1.96359e-07,4.64945e-05,0,0.000238136,4.58725e-05,0.000137512,0,6.91757e-05,5.13365e-05,1.25987e-07,0,1.21846e-05,0,0,0.000343205,0,1.8311e-05,4.59575e-05,2.37006e-07,2.24945e-06,0,1.26741e-05,0,0.000138458,1.22806e-05,0,0,1.29141e-07,0.000142702,
1,,2,16,15,6,3,11,5,10,4,9,1,7,14,8,12,13,,,0.002500,38.7495,4,1,21,0.00111316,0.000215252,0,0,0,0.00111316,0.000123001,4.92005e-05,0,0,9.8401e-05,4.92005e-05,0,0,0.00111316,0.00108241,0.00114699,0,0,4.92005e-05,0.00111316,0.000215252,0,0.00111316,0,0,0.000172202,0.000289053,4.92005e-05,0,0.00109779,0.00116236,0.000289053,0.00111316,0,0.000289053,0.0025492,0,0.00113161,0.00109779,0.00123616,0,0.000215252,0.00111316,0,0.000962485,0.00106089,0.00113776,0.000289053,0.00123616,0.000215252,4.92005e-05,0.000922509,0,0.00207565,0.000922509,0.00158672,0,0.00113161,0.000962485,4.92005e-05,0,0.00048278,0,0,0.0025,0,0.000581181,0.000922509,4.92005e-05,0.000196802,0,0.00048278,0,0.00158672,0.00048278,0,0,4.92005e-05,0.00163592,0,1,0,0,0,1,0,0,0,0,0,0,0,0,0,0,0,0,0,0,0,0,0,0,0,0,0,1,0,0,1,0,0,0,0,0,1,0,0,0,0,0,0,0,0,0,0,0,0,0,0,0,0.5,0,0.5,1,0,0,0,0,0,0,0,0,0,0,0,0,0,0,0,1,0,0,0,0,1,0,0,0,1,0,0,0,0,0,0,0,0,0,0,0,0,0,0,0,1,0,0,0,0,1,0,0,0,0,0,0,1,0,0,0,0,0,0,1,0,0,0,0,0,0,0,0,0,0,0,0,0,0,0.285714,0,0,0.714286,0,0,1,0,0,0,1,0,0,0,0,0,0,0,0,0,0,0,1,0,0,0.957672,0,0,0.042328,0,0,0,0,0,1,1,0,0,0,0,0,0,0,0,0,0,0,0,0,1,0.9807,0,0,0.0193004,0,0,0,0,0,0,0,1,0,0,0,0,0,0,1,0,0,0,1,0,0,0,0,0,0,0,0,0,0,1,0,1,0,0,0,0,0,0,0,0,0,0,0,1,0,0,0.953623,0,0,0.0463768,0,0,0.810811,0,0,0.189189,1,0,0,0,0,0,0,0.900498,0.0995025,0,0,0,0,0,1,0,0,0,1,0,0,0,0,0,1,0,0,0,0,0,0,0,0.463704,0.536296,0,0,0,0,0,1,0,0,0,1,0,0,0,0,0,0,0.956522,0.0434783,0,0,0,0,0,0,1,0,0,0,1,0,0,0,0,0,0,0,1,0,0,0,0,0,0,0,0,0,0,0,0,0,0,0,0,0.615006,0.384994,0,0,0,0,0,0,0,0,0,0.169312,0.830688,1,0,0,0,0,0,0,1,0,0,0,0,0.5,0,0.5,0,0,0,0,0,0,0,0,0,1,0,0,0,0,0,0,0,0.968992,0.0310077,0,0,0,0,0,1,0,0,0,0,0,0,0,0,0,0,1,0,0,0,0,0.0300752,0,0,0.969925,0,0.000414641,1.51473e-05,0,0,0,0.000420159,4.9992e-06,7.98356e-07,0,0,3.21829e-06,8.03552e-07,0,0,0.000422932,0.000391769,0.000440614,0,0,1.28015e-06,0.000420159,1.53465e-05,0,0.000420159,0,0,9.68459e-06,2.73664e-05,7.91491e-07,0,0.000406317,0.000468964,2.75823e-05,0.000431121,0,2.783e-05,0.00229973,0,0.000436052,0.000411295,0.000523268,0,1.54466e-05,0.000422932,0,0.000324944,0.000381978,0.00043922,3.04493e-05,0.000529477,1.74099e-05,1.87663e-06,0.000295142,0,0.00153933,0.000290903,0.000890524,0,0.00044016,0.000339702,7.88015e-07,0,7.67235e-05,0,0,0.00223438,0,0.00011686,0.000291446,2.56067e-06,1.55764e-05,0,7.98803e-05,0,0.000887913,7.73302e-05,0,0,8.28927e-07,0.000915277,
2,,2,16,15,6,3,11,5,10,4,9,1,7,14,8,12,13,,,0.004000,39.9273,4,1,21,0.00178106,0.000344403,0,0,0,0.00178106,0.000196802,7.87208e-05,0,0,0.000157442,7.87208e-05,0,0,0.00178106,0.00173186,0.00183518,0,0,7.87208e-05,0.00178106,0.000344403,0,0.00178106,0,0,0.000275523,0.000462485,7.87208e-05,0,0.00175646,0.00185978,0.000462485,0.00178106,0,0.000462485,0.00407872,0,0.00181058,0.00175646,0.00197786,0,0.000344403,0.00178106,0,0.00153998,0.00169742,0.00182042,0.000462485,0.00197786,0.000344403,7.87208e-05,0.00147601,0,0.00332103,0.00147601,0.00253875,0,0.00181058,0.00153998,7.87208e-05,0,0.000772448,0,0,0.004,0,0.000929889,0.00147601,7.87208e-05,0.000314883,0,0.000772448,0,0.00253875,0.000772448,0,0,7.87208e-05,0.00261747,0,1,0,0,0,1,0,0,0,0,0,0,0,0,0,0,0,0,0,0,0,0,0,0,0,0,0,1,0,0,1,0,0,0,0,0,1,0,0,0,0,0,0,0,0,0,0,0,0,0,0,0,0.5,0,0.5,1,0,0,0,0,0,0,0,0,0,0,0,0,0,0,0,1,0,0,0,0,1,0,0,0,1,0,0,0,0,0,0,0,0,0,0,0,0,0,0,0,1,0,0,0,0,1,0,0,0,0,0,0,1,0,0,0,0,0,0,1,0,0,0,0,0,0,0,0,0,0,0,0,0,0,0.285714,0,0,0.714286,0,0,1,0,0,0,1,0,0,0,0,0,0,0,0,0,0,0,1,0,0,0.957672,0,0,0.042328,0,0,0,0,0,1,1,0,0,0,0,0,0,0,0,0,0,0,0,0,1,0.9807,0,0,0.0193004,0,0,0,0,0,0,0,1,0,0,0,0,0,0,1,0,0,0,1,0,0,0,0,0,0,0,0,0,0,1,0,1,0,0,0,0,0,0,0,0,0,0,0,1,0,0,0.953623,0,0,0.0463768,0,0,0.810811,0,0,0.189189,1,0,0,0,0,0,0,0.900497,0.0995025,0,0,0,0,0,1,0,0,0,1,0,0,0,0,0,1,0,0,0,0,0,0,0,0.463704,0.536296,0,0,0,0,0,1,0,0,0,1,0,0,0,0,0,0,0.956522,0.0434783,0,0,0,0,0,0,1,0,0,0,1,0,0,0,0,0,0,0,1,0,0,0,0,0,0,0,0,0,0,0,0,0,0,0,0,0.615006,0.384994,0,0,0,0,0,0,0,0,0,0.169312,0.830688,1,0,0,0,0,0,0,1,0,0,0,0,0.5,0,0.5,0,0,0,0,0,0,0,0,0,1,0,0,0,0,0,0,0,0.968992,0.0310078,0,0,0,0,0,1,0,0,0,0,0,0,0,0,0,0,1,0,0,0,0,0.0300752,0,0,0.969925,0,0.00108042,3.8906e-05,0,0,0,0.00109493,1.28223e-05,2.04534e-06,0,0,8.2514e-06,2.05866e-06,0,0,0.00110222,0.0010204,0.00114874,0,0,4.07129e-06,0.00109493,3.94185e-05,0,0.00109493,0,0,2.48599e-05,7.03716e-05,2.03313e-06,0,0.00105854,0.0012449,7.09279e-05,0.00114607,0,7.15664e-05,0.00614693,0,0.00113673,0.00107385,0.00136652,0,3.9676e-05,0.00110222,0,0.000865158,0.000996161,0.00114507,8.27119e-05,0.00139937,4.73897e-05,6.5871e-06,0.000767652,0,0.00408054,0.000755781,0.00236632,0,0.00114754,0.000922156,2.01884e-06,0,0.000197892,0,0,0.00596874,0,0.000305771,0.000757203,9.56301e-06,4.39753e-05,0,0.00020626,0,0.00233395,0.000199463,0,0,2.18085e-06,0.00240622,
3,,2,16,15,6,3,11,5,10,4,9,1,7,14,8,12,13,,,0.005500,41.1763,4,1,21,0.00244895,0.000473555,0,0,0,0.00244895,0.000270603,0.000108241,0,0,0.000216482,0.000108241,0,0,0.00244895,0.0023813,0.00252337,0,0,0.000108241,0.00244895,0.000473555,0,0.00244895,0,0,0.000378844,0.000635916,0.000108241,0,0.00241513,0.0025572,0.000635916,0.00244895,0,0.000635916,0.00560824,0,0.00248954,0.00241513,0.00271956,0,0.000473555,0.00244895,0,0.00211747,0.00233395,0.00250307,0.000635916,0.00271956,0.000473555,0.000108241,0.00202952,0,0.00456642,0.00202952,0.00349077,0,0.00248954,0.00211747,0.000108241,0,0.00106212,0,0,0.0055,0,0.0012786,0.00202952,0.000108241,0.000432964,0,0.00106212,0,0.00349077,0.00106212,0,0,0.000108241,0.00359902,0,1,0,0,0,1,0,0,0,0,0,0,0,0,0,0,0,0,0,0,0,0,0,0,0,0,0,1,0,0,1,0,0,0,0,0,1,0,0,0,0,0,0,0,0,0,0,0,0,0,0,0,0.5,0,0.5,1,0,0,0,0,0,0,0,0,0,0,0,0,0,0,0,1,0,0,0,0,1,0,0,0,1,0,0,0,0,0,0,0,0,0,0,0,0,0,0,0,1,0,0,0,0,1,0,0,0,0,0,0,1,0,0,0,0,0,0,1,0,0,0,0,0,0,0,0,0,0,0,0,0,0,0.285714,0,0,0.714286,0,0,1,0,0,0,1,0,0,0,0,0,0,0,0,0,0,0,1,0,0,0.957672,0,0,0.042328,0,0,0,0,0,1,1,0,0,0,0,0,0,0,0,0,0,0,0,0,1,0.9807,0,0,0.0193004,0,0,0,0,0,0,0,1,0,0,0,0,0,0,1,0,0,0,1,0,0,0,0,0,0,0,0,0,0,1,0,1,0,0,0,0,0,0,0,0,0,0,0,1,0,0,0.953623,0,0,0.0463768,0,0,0.810811,0,0,0.189189,1,0,0,0,0,0,0,0.900497,0.0995025,0,0,0,0,0,1,0,0,0,1,0,0,0,0,0,1,0,0,0,0,0,0,0,0.463704,0.536296,0,0,0,0,0,1,0,0,0,1,0,0,0,0,0,0,0.956522,0.0434783,0,0,0,0,0,0,1,0,0,0,1,0,0,0,0,0,0,0,1,0,0,0,0,0,0,0,0,0,0,0,0,0,0,0,0,0.615006,0.384994,0,0,0,0,0,0,0,0,0,0.169312,0.830688,1,0,0,0,0,0,0,1,0,0,0,0,0.5,0,0.5,0,0,0,0,0,0,0,0,0,1,0,0,0,0,0,0,0,0.968992,0.0310078,0,0,0,0,0,1,0,0,0,0,0,0,0,0,0,0,1,0,0,0,0,0.0300752,0,0,0.969925,0,0.00207978,7.38018e-05,0,0,0,0.00210797,2.42885e-05,3.86991e-06,0,0,1.56242e-05,3.89512e-06,0,0,0.00212214,0.00196345,0.00221257,0,0,9.25415e-06,0.00210797,7.47757e-05,0,0.00210797,0,0,4.71287e-05,0.000133644,3.85702e-06,0,0.00203727,0.00244404,0.000134703,0.00225322,0,0.000135919,0.0121576,0,0.00218923,0.00207164,0.00263664,0,7.5265e-05,0.00212214,0,0.00170328,0.0019195,0.00220544,0.000165784,0.00273473,9.51308e-05,1.60776e-05,0.00147506,0,0.00799873,0.00145046,0.00465264,0,0.00221024,0.00185192,3.81975e-06,0,0.00037698,0,0,0.0117979,0,0.000591491,0.00145321,2.42921e-05,9.13332e-05,0,0.00039342,0,0.00453425,0.000379984,0,0,4.24051e-06,0.00467517,
4,,2,16,15,6,3,11,5,10,4,9,1,7,14,8,12,13,,,0.007000,42.5043,4,1,21,0.00311685,0.000602706,0,0,0,0.00311685,0.000344403,0.000137761,0,0,0.000275523,0.000137761,0,0,0.00311685,0.00303075,0.00321156,0,0,0.000137761,0.00311685,0.000602706,0,0.00311685,0,0,0.000482165,0.000809348,0.000137761,0,0.0030738,0.00325461,0.000809348,0.00311685,0,0.000809348,0.00713776,0,0.00316851,0.0030738,0.00346125,0,0.000602706,0.00311685,0,0.00269496,0.00297048,0.00318573,0.000809348,0.00346125,0.000602706,0.000137761,0.00258303,0,0.00581181,0.00258303,0.0044428,0,0.00316851,0.00269496,0.000137761,0,0.00135178,0,0,0.007,0,0.00162731,0.00258303,0.000137761,0.000551046,0,0.00135178,0,0.0044428,0.00135178,0,0,0.000137761,0.00458057,0,1,0,0,0,1,0,0,0,0,0,0,0,0,0,0,0,0,0,0,0,0,0,0,0,0,0,1,0,0,1,0,0,0,0,0,1,0,0,0,0,0,0,0,0,0,0,0,0,0,0,0,0.5,0,0.5,1,0,0,0,0,0,0,0,0,0,0,0,0,0,0,0,1,0,0,0,0,1,0,0,0,1,0,0,0,0,0,0,0,0,0,0,0,0,0,0,0,1,0,0,0,0,1,0,0,0,0,0,0,1,0,0,0,0,0,0,1,0,0,0,0,0,0,0,0,0,0,0,0,0,0,0.285714,0,0,0.714286,0,0,1,0,0,0,1,0,0,0,0,0,0,0,0,0,0,0,1,0,0,0.957672,0,0,0.042328,0,0,0,0,0,1,1,0,0,0,0,0,0,0,0,0,0,0,0,0,1,0.9807,0,0,0.0193004,0,0,0,0,0,0,0,1,0,0,0,0,0,0,1,0,0,0,1,0,0,0,0,0,0,0,0,0,0,1,0,1,0,0,0,0,0,0,0,0,0,0,0,1,0,0,0.953623,0,0,0.0463768,0,0,0.810811,0,0,0.189189,1,0,0,0,0,0,0,0.900498,0.0995025,0,0,0,0,0,1,0,0,0,1,0,0,0,0,0,1,0,0,0,0,0,0,0,0.463704,0.536296,0,0,0,0,0,1,0,0,0,1,0,0,0,0,0,0,0.956522,0.0434783,0,0,0,0,0,0,1,0,0,0,1,0,0,0,0,0,0,0,1,0,0,0,0,0,0,0,0,0,0,0,0,0,0,0,0,0.615006,0.384994,0,0,0,0,0,0,0,0,0,0.169312,0.830688,1,0,0,0,0,0,0,1,0,0,0,0,0.5,0,0.5,0,0,0,0,0,0,0,0,0,1,0,0,0,0,0,0,0,0.968992,0.0310078,0,0,0,0,0,1,0,0,0,0,0,0,0,0,0,0,1,0,0,0,0,0.0300752,0,0,0.969925,0,0.00343123,0.000119947,0,0,0,0.00347819,3.94185e-05,6.27339e-06,0,0,2.53473e-05,6.31426e-06,0,0,0.0035018,0.00323803,0.0036525,0,0,1.76071e-05,0.00347819,0.000121532,0,0.00347819,0,0,7.65492e-05,0.000217459,6.26914e-06,0,0.00336043,0.00411731,0.000219186,0.00380126,0,0.000221169,0.0206453,0,0.00361359,0.00342599,0.00436048,0,0.000122329,0.0035018,0,0.00287686,0.00317047,0.00364061,0.00028448,0.00458494,0.000163408,3.23705e-05,0.00242926,0,0.013452,0.00238551,0.00785422,0,0.00364863,0.00319252,6.19204e-06,0,0.000615317,0,0,0.0200216,0,0.00098147,0.00239006,5.03856e-05,0.000161992,0,0.000643082,0,0.00755317,0.00062024,0,0,7.06981e-06,0.00778858,
5,,2,16,15,6,3,11,5,10,4,9,1,7,14,8,12,13,,,0.008500,43.9207,4,1,21,0.00378475,0.000731857,0,0,0,0.00378475,0.000418204,0.000167282,0,0,0.000334563,0.000167282,0,0,0.00378475,0.0036802,0.00389975,0,0,0.000167282,0.00378475,0.000731857,0,0.00378475,0,0,0.000585486,0.00098278,0.000167282,0,0.00373247,0.00395203,0.00098278,0.00378475,0,0.00098278,0.00866728,0,0.00384748,0.00373247,0.00420295,0,0.000731857,0.00378475,0,0.00327245,0.00360701,0.00386839,0.00098278,0.00420295,0.000731857,0.000167282,0.00313653,0,0.0070572,0.00313653,0.00539483,0,0.00384748,0.00327245,0.000167282,0,0.00164145,0,0,0.0085,0,0.00197601,0.00313653,0.000167282,0.000669127,0,0.00164145,0,0.00539483,0.00164145,0,0,0.000167282,0.00556212,0,1,0,0,0,1,0,0,0,0,0,0,0,0,0,0,0,0,0,0,0,0,0,0,0,0,0,1,0,0,1,0,0,0,0,0,1,0,0,0,0,0,0,0,0,0,0,0,0,0,0,0,0.5,0,0.5,1,0,0,0,0,0,0,0,0,0,0,0,0,0,0,0,1,0,0,0,0,1,0,0,0,1,0,0,0,0,0,0,0,0,0,0,0,0,0,0,0,1,0,0,0,0,1,0,0,0,0,0,0,1,0,0,0,0,0,0,1,0,0,0,0,0,0,0,0,0,0,0,0,0,0,0.285714,0,0,0.714286,0,0,1,0,0,0,1,0,0,0,0,0,0,0,0,0,0,0,1,0,0,0.957672,0,0,0.042328,0,0,0,0,0,1,1,0,0,0,0,0,0,0,0,0,0,0,0,0,1,0.9807,0,0,0.0193004,0,0,0,0,0,0,0,1,0,0,0,0,0,0,1,0,0,0,1,0,0,0,0,0,0,0,0,0,0,1,0,1,0,0,0,0,0,0,0,0,0,0,0,1,0,0,0.953623,0,0,0.0463768,0,0,0.810811,0,0,0.189189,1,0,0,0,0,0,0,0.900497,0.0995025,0,0,0,0,0,1,0,0,0,1,0,0,0,0,0,1,0,0,0,0,0,0,0,0.463704,0.536296,0,0,0,0,0,1,0,0,0,1,0,0,0,0,0,0,0.956522,0.0434783,0,0,0,0,0,0,1,0,0,0,1,0,0,0,0,0,0,0,1,0,0,0,0,0,0,0,0,0,0,0,0,0,0,0,0,0.615006,0.384994,0,0,0,0,0,0,0,0,0,0.169312,0.830688,1,0,0,0,0,0,0,1,0,0,0,0,0.5,0,0.5,0,0,0,0,0,0,0,0,0,1,0,0,0,0,0,0,0,0.968992,0.0310078,0,0,0,0,0,1,0,0,0,0,0,0,0,0,0,0,1,0,0,0,0,0.0300752,0,0,0.969925,0,0.00515468,0.000177454,0,0,0,0.00522593,5.82335e-05,9.25709e-06,0,0,3.74316e-05,9.31743e-06,0,0,0.00526176,0.00486259,0.00549053,0,0,2.99681e-05,0.00522593,0.000179803,0,0.00522593,0,0,0.00011318,0.000322096,9.27553e-06,0,0.0050473,0.00632425,0.00032466,0.00584714,0,0.000327603,0.0319875,0,0.00543144,0.00516041,0.00656717,0,0.000180984,0.00526176,0,0.00442943,0.00476926,0.00547247,0.000444068,0.00700715,0.000255216,5.78149e-05,0.00364309,0,0.0206236,0.00357213,0.0120971,0,0.00548464,0.00502045,9.137e-06,0,0.000914274,0,0,0.031,0,0.00148439,0.00357901,9.22185e-05,0.000260815,0,0.000957107,0,0.0114628,0.000921616,0,0,1.07379e-05,0.0118207,
6,,2,16,15,6,3,11,5,10,4,9,1,7,14,8,12,13,,,0.010000,45.4362,4,1,21,0.00445264,0.000861009,0,0,0,0.00445264,0.000492005,0.000196802,0,0,0.000393604,0.000196802,0,0,0.00445264,0.00432964,0.00458795,0,0,0.000196802,0.00445264,0.000861009,0,0.00445264,0,0,0.000688807,0.00115621,0.000196802,0,0.00439114,0.00464945,0.00115621,0.00445264,0,0.00115621,0.0101968,0,0.00452645,0.00439114,0.00494465,0,0.000861009,0.00445264,0,0.00384994,0.00424354,0.00455105,0.00115621,0.00494465,0.000861009,0.000196802,0.00369004,0,0.00830258,0.00369004,0.00634686,0,0.00452645,0.00384994,0.000196802,0,0.00193112,0,0,0.01,0,0.00232472,0.00369004,0.000196802,0.000787208,0,0.00193112,0,0.00634686,0.00193112,0,0,0.000196802,0.00654367,0,1,0,0,0,1,0,0,0,0,0,0,0,0,0,0,0,0,0,0,0,0,0,0,0,0,0,1,0,0,1,0,0,0,0,0,1,0,0,0,0,0,0,0,0,0,0,0,0,0,0,0,0.5,0,0.5,1,0,0,0,0,0,0,0,0,0,0,0,0,0,0,0,1,0,0,0,0,1,0,0,0,1,0,0,0,0,0,0,0,0,0,0,0,0,0,0,0,1,0,0,0,0,1,0,0,0,0,0,0,1,0,0,0,0,0,0,1,0,0,0,0,0,0,0,0,0,0,0,0,0,0,0.285714,0,0,0.714286,0,0,1,0,0,0,1,0,0,0,0,0,0,0,0,0,0,0,1,0,0,0.957672,0,0,0.042328,0,0,0,0,0,1,1,0,0,0,0,0,0,0,0,0,0,0,0,0,1,0.9807,0,0,0.0193004,0,0,0,0,0,0,0,1,0,0,0,0,0,0,1,0,0,0,1,0,0,0,0,0,0,0,0,0,0,1,0,1,0,0,0,0,0,0,0,0,0,0,0,1,0,0,0.953623,0,0,0.0463768,0,0,0.810811,0,0,0.189189,1,0,0,0,0,0,0,0.900498,0.0995025,0,0,0,0,0,1,0,0,0,1,0,0,0,0,0,1,0,0,0,0,0,0,0,0.463704,0.536296,0,0,0,0,0,1,0,0,0,1,0,0,0,0,0,0,0.956522,0.0434783,0,0,0,0,0,0,1,0,0,0,1,0,0,0,0,0,0,0,1,0,0,0,0,0,0,0,0,0,0,0,0,0,0,0,0,0.615006,0.384994,0,0,0,0,0,0,0,0,0,0.169312,0.830688,1,0,0,0,0,0,0,1,0,0,0,0,0.5,0,0.5,0,0,0,0,0,0,0,0,0,1,0,0,0,0,0,0,0,0.968992,0.0310077,0,0,0,0,0,1,0,0,0,0,0,0,0,0,0,0,1,0,0,0,0,0.0300752,0,0,0.969925,0,0.00727157,0.000246438,0,0,0,0.00737311,8.07545e-05,1.28223e-05,0,0,5.18881e-05,1.29059e-05,0,0,0.00742418,0.006857,0.00775037,0,0,4.7241e-05,0.00737311,0.000249706,0,0.00737311,0,0,0.000157081,0.000447839,1.28823e-05,0,0.0071186,0.00913497,0.000451412,0.00845789,0,0.000455514,0.046642,0,0.00766611,0.00730095,0.00928844,0,0.000251349,0.00742418,0,0.00641164,0.00673801,0.00772462,0.000650319,0.0100678,0.00037379,9.51547e-05,0.00513041,0,0.0297275,0.00502227,0.0175345,0,0.00774198,0.00742857,1.26559e-05,0,0.00127526,0,0,0.0451693,0,0.0021105,0.00503202,0.000155099,0.000393268,0,0.0013375,0,0.0163441,0.00128554,0,0,1.53224e-05,0.0168546,
7,,2,16,15,6,3,11,5,10,4,9,1,7,14,8,12,13,,,0.011500,47.0637,4,1,21,0.00512054,0.00099016,0,0,0,0.00512054,0.000565806,0.000226322,0,0,0.000452645,0.000226322,0,0,0.00512054,0.00497909,0.00527614,0,0,0.000226322,0.00512054,0.00099016,0,0.00512054,0,0,0.000792128,0.00132964,0.000226322,0,0.00504982,0.00534686,0.00132964,0.00512054,0,0.00132964,0.0117263,0,0.00520541,0.00504982,0.00568635,0,0.00099016,0.00512054,0,0.00442743,0.00488007,0.0052337,0.00132964,0.00568635,0.00099016,0.000226322,0.00424354,0,0.00954797,0.00424354,0.00729889,0,0.00520541,0.00442743,0.000226322,0,0.00222079,0,0,0.0115,0,0.00267343,0.00424354,0.000226322,0.000905289,0,0.00222079,0,0.00729889,0.00222079,0,0,0.000226322,0.00752521,0,1,0,0,0,1,0,0,0,0,0,0,0,0,0,0,0,0,0,0,0,0,0,0,0,0,0,1,0,0,1,0,0,0,0,0,1,0,0,0,0,0,0,0,0,0,0,0,0,0,0,0,0.5,0,0.5,1,0,0,0,0,0,0,0,0,0,0,0,0,0,0,0,1,0,0,0,0,1,0,0,0,1,0,0,0,0,0,0,0,0,0,0,0,0,0,0,0,1,0,0,0,0,1,0,0,0,0,0,0,1,0,0,0,0,0,0,1,0,0,0,0,0,0,0,0,0,0,0,0,0,0,0.285714,0,0,0.714286,0,0,1,0,0,0,1,0,0,0,0,0,0,0,0,0,0,0,1,0,0,0.957672,0,0,0.042328,0,0,0,0,0,1,1,0,0,0,0,0,0,0,0,0,0,0,0,0,1,0.9807,0,0,0.0193004,0,0,0,0,0,0,0,1,0,0,0,0,0,0,1,0,0,0,1,0,0,0,0,0,0,0,0,0,0,1,0,1,0,0,0,0,0,0,0,0,0,0,0,1,0,0,0.953623,0,0,0.0463768,0,0,0.810811,0,0,0.189189,1,0,0,0,0,0,0,0.900498,0.0995025,0,0,0,0,0,1,0,0,0,1,0,0,0,0,0,1,0,0,0,0,0,0,0,0.463704,0.536296,0,0,0,0,0,1,0,0,0,1,0,0,0,0,0,0,0.956522,0.0434783,0,0,0,0,0,0,1,0,0,0,1,0,0,0,0,0,0,0,1,0,0,0,0,0,0,0,0,0,0,0,0,0,0,0,0,0.615006,0.384994,0,0,0,0,0,0,0,0,0,0.169312,0.830688,1,0,0,0,0,0,0,1,0,0,0,0,0.5,0,0.5,0,0,0,0,0,0,0,0,0,1,0,0,0,0,0,0,0,0.968992,0.0310078,0,0,0,0,0,1,0,0,0,0,0,0,0,0,0,0,1,0,0,0,0,0.0300752,0,0,0.969925,0,0.00980504,0.000327015,0,0,0,0.00994339,0.000107003,1.69705e-05,0,0,6.87275e-05,1.70812e-05,0,0,0.010013,0.00924274,0.0104577,0,0,7.04017e-05,0.00994339,0.00033136,0,0.00994339,0,0,0.000208311,0.000594978,1.70956e-05,0,0.00959666,0.0126326,0.000599737,0.011713,0,0.000605199,0.0651698,0,0.0103428,0.00987666,0.0125588,0,0.000333543,0.010013,0,0.0088829,0.00910103,0.0104226,0.000909576,0.0138449,0.000522631,0.000147615,0.00690623,0,0.0410148,0.00674862,0.0243542,0,0.0104463,0.0105308,1.67501e-05,0,0.00169974,0,0,0.0630636,0,0.00287199,0.00676183,0.000245529,0.000565514,0,0.00178646,0,0.0222882,0.0017135,0,0,2.09105e-05,0.022984,
8,,2,16,15,6,3,11,5,10,4,9,1,7,14,8,12,13,,,0.013000,48.8189,4,1,21,0.00578844,0.00111931,0,0,0,0.00578844,0.000639606,0.000255843,0,0,0.000511685,0.000255843,0,0,0.00578844,0.00562854,0.00596433,0,0,0.000255843,0.00578844,0.00111931,0,0.00578844,0,0,0.000895449,0.00150308,0.000255843,0,0.00570849,0.00604428,0.00150308,0.00578844,0,0.00150308,0.0132558,0,0.00588438,0.00570849,0.00642804,0,0.00111931,0.00578844,0,0.00500492,0.00551661,0.00591636,0.00150308,0.00642804,0.00111931,0.000255843,0.00479705,0,0.0107934,0.00479705,0.00825092,0,0.00588438,0.00500492,0.000255843,0,0.00251046,0,0,0.013,0,0.00302214,0.00479705,0.000255843,0.00102337,0,0.00251046,0,0.00825092,0.00251046,0,0,0.000255843,0.00850677,0,1,0,0,0,1,0,0,0,0,0,0,0,0,0,0,0,0,0,0,0,0,0,0,0,0,0,1,0,0,1,0,0,0,0,0,1,0,0,0,0,0,0,0,0,0,0,0,0,0,0,0,0.5,0,0.5,1,0,0,0,0,0,0,0,0,0,0,0,0,0,0,0,1,0,0,0,0,1,0,0,0,1,0,0,0,0,0,0,0,0,0,0,0,0,0,0,0,1,0,0,0,0,1,0,0,0,0,0,0,1,0,0,0,0,0,0,1,0,0,0,0,0,0,0,0,0,0,0,0,0,0,0.285714,0,0,0.714286,0,0,1,0,0,0,1,0,0,0,0,0,0,0,0,0,0,0,1,0,0,0.957672,0,0,0.042328,0,0,0,0,0,1,1,0,0,0,0,0,0,0,0,0,0,0,0,0,1,0.9807,0,0,0.0193004,0,0,0,0,0,0,0,1,0,0,0,0,0,0,1,0,0,0,1,0,0,0,0,0,0,0,0,0,0,1,0,1,0,0,0,0,0,0,0,0,0,0,0,1,0,0,0.953623,0,0,0.0463768,0,0,0.810811,0,0,0.189189,1,0,0,0,0,0,0,0.900497,0.0995025,0,0,0,0,0,1,0,0,0,1,0,0,0,0,0,1,0,0,0,0,0,0,0,0.463704,0.536296,0,0,0,0,0,1,0,0,0,1,0,0,0,0,0,0,0.956522,0.0434783,0,0,0,0,0,0,1,0,0,0,1,0,0,0,0,0,0,0,1,0,0,0,0,0,0,0,0,0,0,0,0,0,0,0,0,0.615006,0.384994,0,0,0,0,0,0,0,0,0,0.169312,0.830688,1,0,0,0,0,0,0,1,0,0,0,0,0.5,0,0.5,0,0,0,0,0,0,0,0,0,1,0,0,0,0,0,0,0,0.968992,0.0310077,0,0,0,0,0,1,0,0,0,0,0,0,0,0,0,0,1,0,0,0,0,0.0300752,0,0,0.969925,0,0.01278,0.000419303,0,0,0,0.0129623,0.000137001,2.17028e-05,0,0,8.7961e-05,2.18444e-05,0,0,0.013054,0.012043,0.0136403,0,0,0.000100505,0.0129623,0.000424884,0,0.0129623,0,0,0.000266933,0.000763809,2.19218e-05,0,0.0125056,0.0169164,0.000769932,0.0157075,0,0.00077696,0.0882661,0,0.0134888,0.0129202,0.016416,0,0.000427688,0.013054,0,0.0119132,0.0118851,0.013594,0.00122882,0.01843,0.000705533,0.00021901,0.0089868,0,0.0547822,0.0087647,0.0327891,0,0.0136252,0.0144686,2.14209e-05,0,0.00218921,0,0,0.0853433,0,0.00378362,0.00878201,0.000371557,0.000784525,0,0.00230635,0,0.0293985,0.002207,0,0,2.76005e-05,0.0303144,
9,,2,16,15,6,3,11,5,10,4,9,1,7,14,8,12,13,,,0.014500,50.7207,4,1,21,0.00645633,0.00124846,0,0,0,0.00645633,0.000713407,0.000285363,0,0,0.000570726,0.000285363,0,0,0.00645633,0.00627798,0.00665252,0,0,0.000285363,0.00645633,0.00124846,0,0.00645633,0,0,0.00099877,0.00167651,0.000285363,0,0.00636716,0.0067417,0.00167651,0.00645633,0,0.00167651,0.0147854,0,0.00656335,0.00636716,0.00716974,0,0.00124846,0.00645633,0,0.00558241,0.00615314,0.00659902,0.00167651,0.00716974,0.00124846,0.000285363,0.00535055,0,0.0120387,0.00535055,0.00920295,0,0.00656335,0.00558241,0.000285363,0,0.00280012,0,0,0.0145,0,0.00337085,0.00535055,0.000285363,0.00114145,0,0.00280012,0,0.00920295,0.00280012,0,0,0.000285363,0.00948831,0,1,0,0,0,1,0,0,0,0,0,0,0,0,0,0,0,0,0,0,0,0,0,0,0,0,0,1,0,0,1,0,0,0,0,0,1,0,0,0,0,0,0,0,0,0,0,0,0,0,0,0,0.5,0,0.5,1,0,0,0,0,0,0,0,0,0,0,0,0,0,0,0,1,0,0,0,0,1,0,0,0,1,0,0,0,0,0,0,0,0,0,0,0,0,0,0,0,1,0,0,0,0,1,0,0,0,0,0,0,1,0,0,0,0,0,0,1,0,0,0,0,0,0,0,0,0,0,0,0,0,0,0.285714,0,0,0.714286,0,0,1,0,0,0,1,0,0,0,0,0,0,0,0,0,0,0,1,0,0,0.957672,0,0,0.042328,0,0,0,0,0,1,1,0,0,0,0,0,0,0,0,0,0,0,0,0,1,0.9807,0,0,0.0193004,0,0,0,0,0,0,0,1,0,0,0,0,0,0,1,0,0,0,1,0,0,0,0,0,0,0,0,0,0,1,0,1,0,0,0,0,0,0,0,0,0,0,0,1,0,0,0.953623,0,0,0.0463768,0,0,0.810811,0,0,0.189189,1,0,0,0,0,0,0,0.900497,0.0995025,0,0,0,0,0,1,0,0,0,1,0,0,0,0,0,1,0,0,0,0,0,0,0,0.463704,0.536296,0,0,0,0,0,1,0,0,0,1,0,0,0,0,0,0,0.956522,0.0434783,0,0,0,0,0,0,1,0,0,0,1,0,0,0,0,0,0,0,1,0,0,0,0,0,0,0,0,0,0,0,0,0,0,0,0,0.615006,0.384994,0,0,0,0,0,0,0,0,0,0.169312,0.830688,1,0,0,0,0,0,0,1,0,0,0,0,0.5,0,0.5,0,0,0,0,0,0,0,0,0,1,0,0,0,0,0,0,0,0.968992,0.0310078,0,0,0,0,0,1,0,0,0,0,0,0,0,0,0,0,1,0,0,0,0,0.0300752,0,0,0.969925,0,0.0162236,0.000523422,0,0,0,0.0164576,0.000170769,2.70207e-05,0,0,0.0001096,2.71971e-05,0,0,0.0165753,0.015283,0.0173283,0,0,0.000138696,0.0164576,0.000530401,0,0.0164576,0,0,0.000333006,0.000954632,2.73671e-05,0,0.0158714,0.0221059,0.000962303,0.0205556,0,0.000971108,0.116803,0,0.0171336,0.0164687,0.0209012,0,0.000533908,0.0165753,0,0.0155858,0.0151197,0.0172688,0.00161576,0.0239319,0.000926618,0.000313886,0.0113898,0,0.0713829,0.0110849,0.043132,0,0.0173089,0.0194192,2.66696e-05,0,0.00274522,0,0,0.112835,0,0.00486345,0.011107,0.000543267,0.00105822,0,0.00289979,0,0.0377921,0.00276763,0,0,3.5504e-05,0.0389654,
10,,2,16,15,6,3,11,5,10,4,9,1,7,14,8,12,13,,,0.016000,52.7925,4,1,21,0.00712423,0.00137761,0,0,0,0.00712423,0.000787208,0.000314883,0,0,0.000629766,0.000314883,0,0,0.00712423,0.00692743,0.00734071,0,0,0.000314883,0.00712423,0.00137761,0,0.00712423,0,0,0.00110209,0.00184994,0.000314883,0,0.00702583,0.00743911,0.00184994,0.00712423,0,0.00184994,0.0163149,0,0.00724231,0.00702583,0.00791144,0,0.00137761,0.00712423,0,0.0061599,0.00678967,0.00728167,0.00184994,0.00791144,0.00137761,0.000314883,0.00590406,0,0.0132841,0.00590406,0.010155,0,0.00724231,0.0061599,0.000314883,0,0.00308979,0,0,0.016,0,0.00371956,0.00590406,0.000314883,0.00125953,0,0.00308979,0,0.010155,0.00308979,0,0,0.000314883,0.0104699,0,1,0,0,0,1,0,0,0,0,0,0,0,0,0,0,0,0,0,0,0,0,0,0,0,0,0,1,0,0,1,0,0,0,0,0,1,0,0,0,0,0,0,0,0,0,0,0,0,0,0,0,0.5,0,0.5,1,0,0,0,0,0,0,0,0,0,0,0,0,0,0,0,1,0,0,0,0,1,0,0,0,1,0,0,0,0,0,0,0,0,0,0,0,0,0,0,0,1,0,0,0,0,1,0,0,0,0,0,0,1,0,0,0,0,0,0,1,0,0,0,0,0,0,0,0,0,0,0,0,0,0,0.285714,0,0,0.714286,0,0,1,0,0,0,1,0,0,0,0,0,0,0,0,0,0,0,1,0,0,0.957672,0,0,0.042328,0,0,0,0,0,1,1,0,0,0,0,0,0,0,0,0,0,0,0,0,1,0.9807,0,0,0.0193004,0,0,0,0,0,0,0,1,0,0,0,0,0,0,1,0,0,0,1,0,0,0,0,0,0,0,0,0,0,1,0,1,0,0,0,0,0,0,0,0,0,0,0,1,0,0,0.953623,0,0,0.0463768,0,0,0.810811,0,0,0.189189,1,0,0,0,0,0,0,0.900497,0.0995025,0,0,0,0,0,1,0,0,0,1,0,0,0,0,0,1,0,0,0,0,0,0,0,0.463704,0.536296,0,0,0,0,0,1,0,0,0,1,0,0,0,0,0,0,0.956522,0.0434783,0,0,0,0,0,0,1,0,0,0,1,0,0,0,0,0,0,0,1,0,0,0,0,0,0,0,0,0,0,0,0,0,0,0,0,0.615006,0.384994,0,0,0,0,0,0,0,0,0,0.169312,0.830688,1,0,0,0,0,0,0,1,0,0,0,0,0.5,0,0.5,0,0,0,0,0,0,0,0,0,1,0,0,0,0,0,0,0,0.968992,0.0310078,0,0,0,0,0,1,0,0,0,0,0,0,0,0,0,0,1,0,0,0,0,0.0300752,0,0,0.969925,0,0.0201649,0.000639494,0,0,0,0.0204591,0.00020833,3.29255e-05,0,0,0.000133655,3.31405e-05,0,0,0.0206071,0.01899,0.0215544,0,0,0.000186212,0.0204591,0.000648035,0,0.0204591,0,0,0.000406593,0.00116775,3.34379e-05,0,0.0197223,0.0283465,0.00117716,0.0263965,0,0.00118796,0.151888,0,0.0213095,0.0205647,0.0260597,0,0.000652327,0.0206071,0,0.0200002,0.0188375,0.0214796,0.00207892,0.030481,0.00119037,0.000437702,0.0141344,0,0.0912407,0.0137247,0.0557551,0,0.02153,0.0256088,3.24975e-05,0,0.00336938,0,0,0.146587,0,0.00613395,0.0137523,0.000773459,0.00139564,0,0.00356965,0,0.0476029,0.003397,0,0,4.47477e-05,0.049073,
11,,2,16,15,6,3,11,5,10,4,9,1,7,14,8,12,13,,,0.017500,55.0634,4,1,21,0.00779213,0.00150677,0,0,0,0.00779213,0.000861009,0.000344403,0,0,0.000688807,0.000344403,0,0,0.00779213,0.00757688,0.0080289,0,0,0.000344403,0.00779213,0.00150677,0,0.00779213,0,0,0.00120541,0.00202337,0.000344403,0,0.0076845,0.00813653,0.00202337,0.00779213,0,0.00202337,0.0178444,0,0.00792128,0.0076845,0.00865314,0,0.00150677,0.00779213,0,0.00673739,0.0074262,0.00796433,0.00202337,0.00865314,0.00150677,0.000344403,0.00645756,0,0.0145295,0.00645756,0.011107,0,0.00792128,0.00673739,0.000344403,0,0.00337946,0,0,0.0175,0,0.00406827,0.00645756,0.000344403,0.00137761,0,0.00337946,0,0.011107,0.00337946,0,0,0.000344403,0.0114514,0,1,0,0,0,1,0,0,0,0,0,0,0,0,0,0,0,0,0,0,0,0,0,0,0,0,0,1,0,0,1,0,0,0,0,0,1,0,0,0,0,0,0,0,0,0,0,0,0,0,0,0,0.5,0,0.5,1,0,0,0,0,0,0,0,0,0,0,0,0,0,0,0,1,0,0,0,0,1,0,0,0,1,0,0,0,0,0,0,0,0,0,0,0,0,0,0,0,1,0,0,0,0,1,0,0,0,0,0,0,1,0,0,0,0,0,0,1,0,0,0,0,0,0,0,0,0,0,0,0,0,0,0.285714,0,0,0.714286,0,0,1,0,0,0,1,0,0,0,0,0,0,0,0,0,0,0,1,0,0,0.957672,0,0,0.042328,0,0,0,0,0,1,1,0,0,0,0,0,0,0,0,0,0,0,0,0,1,0.9807,0,0,0.0193004,0,0,0,0,0,0,0,1,0,0,0,0,0,0,1,0,0,0,1,0,0,0,0,0,0,0,0,0,0,1,0,1,0,0,0,0,0,0,0,0,0,0,0,1,0,0,0.953623,0,0,0.0463768,0,0,0.810811,0,0,0.189189,1,0,0,0,0,0,0,0.900498,0.0995025,0,0,0,0,0,1,0,0,0,1,0,0,0,0,0,1,0,0,0,0,0,0,0,0.463704,0.536296,0,0,0,0,0,1,0,0,0,1,0,0,0,0,0,0,0.956522,0.0434783,0,0,0,0,0,0,1,0,0,0,1,0,0,0,0,0,0,0,1,0,0,0,0,0,0,0,0,0,0,0,0,0,0,0,0,0.615006,0.384994,0,0,0,0,0,0,0,0,0,0.169312,0.830688,1,0,0,0,0,0,0,1,0,0,0,0,0.5,0,0.5,0,0,0,0,0,0,0,0,0,1,0,0,0,0,0,0,0,0.968992,0.0310078,0,0,0,0,0,1,0,0,0,0,0,0,0,0,0,0,1,0,0,0,0,0.0300752,0,0,0.969925,0,0.0246358,0.000767639,0,0,0,0.0249994,0.000249706,3.94185e-05,0,0,0.000160137,3.9676e-05,0,0,0.0251825,0.0231936,0.0263543,0,0,0.000244403,0.0249994,0.00077791,0,0.0249994,0,0,0.000487758,0.00140348,4.01407e-05,0,0.0240889,0.0358166,0.00141482,0.0334008,0,0.00142782,0.194954,0,0.0260512,0.0252576,0.031941,0,0.000783072,0.0251825,0,0.0252766,0.0230747,0.0262617,0.00262776,0.0382342,0.00150166,0.000597068,0.0172416,0,0.114869,0.0167005,0.0711404,0,0.0263241,0.0333295,3.8906e-05,0,0.00406333,0,0,0.187951,0,0.00762359,0.0167344,0.00107863,0.00180713,0,0.00431911,0,0.058984,0.00409678,0,0,5.54765e-05,0.0607925,
12,,2,16,15,6,3,11,5,10,4,9,1,7,14,8,12,13,,,0.019000,57.5708,4,1,21,0.00846002,0.00163592,0,0,0,0.00846002,0.000934809,0.000373924,0,0,0.000747847,0.000373924,0,0,0.00846002,0.00822632,0.0087171,0,0,0.000373924,0.00846002,0.00163592,0,0.00846002,0,0,0.00130873,0.0021968,0.000373924,0,0.00834317,0.00883395,0.0021968,0.00846002,0,0.0021968,0.0193739,0,0.00860025,0.00834317,0.00939483,0,0.00163592,0.00846002,0,0.00731488,0.00806273,0.00864699,0.0021968,0.00939483,0.00163592,0.000373924,0.00701107,0,0.0157749,0.00701107,0.012059,0,0.00860025,0.00731488,0.000373924,0,0.00366913,0,0,0.019,0,0.00441697,0.00701107,0.000373924,0.00149569,0,0.00366913,0,0.012059,0.00366913,0,0,0.000373924,0.012433,0,1,0,0,0,1,0,0,0,0,0,0,0,0,0,0,0,0,0,0,0,0,0,0,0,0,0,1,0,0,1,0,0,0,0,0,1,0,0,0,0,0,0,0,0,0,0,0,0,0,0,0,0.5,0,0.5,1,0,0,0,0,0,0,0,0,0,0,0,0,0,0,0,1,0,0,0,0,1,0,0,0,1,0,0,0,0,0,0,0,0,0,0,0,0,0,0,0,1,0,0,0,0,1,0,0,0,0,0,0,1,0,0,0,0,0,0,1,0,0,0,0,0,0,0,0,0,0,0,0,0,0,0.285714,0,0,0.714286,0,0,1,0,0,0,1,0,0,0,0,0,0,0,0,0,0,0,1,0,0,0.957672,0,0,0.042328,0,0,0,0,0,1,1,0,0,0,0,0,0,0,0,0,0,0,0,0,1,0.9807,0,0,0.0193004,0,0,0,0,0,0,0,1,0,0,0,0,0,0,1,0,0,0,1,0,0,0,0,0,0,0,0,0,0,1,0,1,0,0,0,0,0,0,0,0,0,0,0,1,0,0,0.953623,0,0,0.0463768,0,0,0.810811,0,0,0.189189,1,0,0,0,0,0,0,0.900497,0.0995025,0,0,0,0,0,1,0,0,0,1,0,0,0,0,0,1,0,0,0,0,0,0,0,0.463704,0.536296,0,0,0,0,0,1,0,0,0,1,0,0,0,0,0,0,0.956522,0.0434783,0,0,0,0,0,0,1,0,0,0,1,0,0,0,0,0,0,0,1,0,0,0,0,0,0,0,0,0,0,0,0,0,0,0,0,0.615006,0.384994,0,0,0,0,0,0,0,0,0,0.169312,0.830688,1,0,0,0,0,0,0,1,0,0,0,0,0.5,0,0.5,0,0,0,0,0,0,0,0,0,1,0,0,0,0,0,0,0,0.968992,0.0310077,0,0,0,0,0,1,0,0,0,0,0,0,0,0,0,0,1,0,0,0,0,0.0300752,0,0,0.969925,0,0.0296707,0.000907984,0,0,0,0.030114,0.000294919,4.65011e-05,0,0,0.000189058,4.6805e-05,0,0,0.0303372,0.0279261,0.0317669,0,0,0.000314737,0.030114,0.000920154,0,0.030114,0,0,0.000576562,0.00166214,4.74821e-05,0,0.0290042,0.0447378,0.0016756,0.0417804,0,0.00169104,0.247879,0,0.0313969,0.030606,0.0385999,0,0.00092627,0.0303372,0,0.0315612,0.0278718,0.0316537,0.0032728,0.0473826,0.00186583,0.000800071,0.0207341,0,0.142894,0.0200299,0.0899219,0,0.03173,0.0429659,4.58963e-05,0,0.00482879,0,0,0.238696,0,0.00936907,0.0200709,0.0014804,0.0023046,0,0.00515171,0,0.0721118,0.0048687,0,0,6.78565e-05,0.0743022,
13,,2,16,15,6,3,11,5,10,4,9,1,7,14,8,12,13,,,0.020500,60.3628,4,1,21,0.00912792,0.00176507,0,0,0,0.00912792,0.00100861,0.000403444,0,0,0.000806888,0.000403444,0,0,0.00912792,0.00887577,0.00940529,0,0,0.000403444,0.00912792,0.00176507,0,0.00912792,0,0,0.00141205,0.00237023,0.000403444,0,0.00900185,0.00953137,0.00237023,0.00912792,0,0.00237023,0.0209034,0,0.00927921,0.00900185,0.0101365,0,0.00176507,0.00912792,0,0.00789237,0.00869926,0.00932964,0.00237023,0.0101365,0.00176507,0.000403444,0.00756458,0,0.0170203,0.00756458,0.0130111,0,0.00927921,0.00789237,0.000403444,0,0.00395879,0,0,0.0205,0,0.00476568,0.00756458,0.000403444,0.00161378,0,0.00395879,0,0.0130111,0.00395879,0,0,0.000403444,0.0134145,0,1,0,0,0,1,0,0,0,0,0,0,0,0,0,0,0,0,0,0,0,0,0,0,0,0,0,1,0,0,1,0,0,0,0,0,1,0,0,0,0,0,0,0,0,0,0,0,0,0,0,0,0.5,0,0.5,1,0,0,0,0,0,0,0,0,0,0,0,0,0,0,0,1,0,0,0,0,1,0,0,0,1,0,0,0,0,0,0,0,0,0,0,0,0,0,0,0,1,0,0,0,0,1,0,0,0,0,0,0,1,0,0,0,0,0,0,1,0,0,0,0,0,0,0,0,0,0,0,0,0,0,0.285714,0,0,0.714286,0,0,1,0,0,0,1,0,0,0,0,0,0,0,0,0,0,0,1,0,0,0.957672,0,0,0.042328,0,0,0,0,0,1,1,0,0,0,0,0,0,0,0,0,0,0,0,0,1,0.9807,0,0,0.0193004,0,0,0,0,0,0,0,1,0,0,0,0,0,0,1,0,0,0,1,0,0,0,0,0,0,0,0,0,0,1,0,1,0,0,0,0,0,0,0,0,0,0,0,1,0,0,0.953623,0,0,0.0463768,0,0,0.810811,0,0,0.189189,1,0,0,0,0,0,0,0.900497,0.0995025,0,0,0,0,0,1,0,0,0,1,0,0,0,0,0,1,0,0,0,0,0,0,0,0.463704,0.536296,0,0,0,0,0,1,0,0,0,1,0,0,0,0,0,0,0.956522,0.0434783,0,0,0,0,0,0,1,0,0,0,1,0,0,0,0,0,0,0,1,0,0,0,0,0,0,0,0,0,0,0,0,0,0,0,0,0.615006,0.384994,0,0,0,0,0,0,0,0,0,0.169312,0.830688,1,0,0,0,0,0,0,1,0,0,0,0,0.5,0,0.5,0,0,0,0,0,0,0,0,0,1,0,0,0,0,0,0,0,0.968992,0.0310078,0,0,0,0,0,1,0,0,0,0,0,0,0,0,0,0,1,0,0,0,0,0.0300752,0,0,0.969925,0,0.0353073,0.00106065,0,0,0,0.0358414,0.000343991,5.41747e-05,0,0,0.000220429,5.45289e-05,0,0,0.0361104,0.0332227,0.0378344,0,0,0.000398812,0.0358414,0.0010749,0,0.0358414,0,0,0.000673072,0.00194406,5.54687e-05,0,0.0345044,0.0553884,0.00195983,0.0518017,0,0.00197794,0.313185,0,0.0373881,0.0366804,0.0460965,0,0.00108205,0.0361104,0,0.0390342,0.0332737,0.0376979,0.00402579,0.0581614,0.0022887,0.0010567,0.024637,0,0.176092,0.0237318,0.112952,0,0.0377899,0.055035,5.34697e-05,0,0.00566751,0,0,0.301188,0,0.0114188,0.0237808,0.00200769,0.00290183,0,0.00607142,0,0.0871904,0.00571456,0,0,8.20794e-05,0.0898076,
14,,2,16,15,6,3,11,5,10,4,9,1,7,14,8,12,13,,,0.022000,63.5035,4,1,21,0.00979582,0.00189422,0,0,0,0.00979582,0.00108241,0.000432964,0,0,0.000865929,0.000432964,0,0,0.00979582,0.00952522,0.0100935,0,0,0.000432964,0.00979582,0.00189422,0,0.00979582,0,0,0.00151538,0.00254367,0.000432964,0,0.00966052,0.0102288,0.00254367,0.00979582,0,0.00254367,0.022433,0,0.00995818,0.00966052,0.0108782,0,0.00189422,0.00979582,0,0.00846986,0.00933579,0.0100123,0.00254367,0.0108782,0.00189422,0.000432964,0.00811808,0,0.0182657,0.00811808,0.0139631,0,0.00995818,0.00846986,0.000432964,0,0.00424846,0,0,0.022,0,0.00511439,0.00811808,0.000432964,0.00173186,0,0.00424846,0,0.0139631,0.00424846,0,0,0.000432964,0.0143961,0,1,0,0,0,1,0,0,0,0,0,0,0,0,0,0,0,0,0,0,0,0,0,0,0,0,0,1,0,0,1,0,0,0,0,0,1,0,0,0,0,0,0,0,0,0,0,0,0,0,0,0,0.5,0,0.5,1,0,0,0,0,0,0,0,0,0,0,0,0,0,0,0,1,0,0,0,0,1,0,0,0,1,0,0,0,0,0,0,0,0,0,0,0,0,0,0,0,1,0,0,0,0,1,0,0,0,0,0,0,1,0,0,0,0,0,0,1,0,0,0,0,0,0,0,0,0,0,0,0,0,0,0.285714,0,0,0.714286,0,0,1,0,0,0,1,0,0,0,0,0,0,0,0,0,0,0,1,0,0,0.957672,0,0,0.042328,0,0,0,0,0,1,1,0,0,0,0,0,0,0,0,0,0,0,0,0,1,0.9807,0,0,0.0193004,0,0,0,0,0,0,0,1,0,0,0,0,0,0,1,0,0,0,1,0,0,0,0,0,0,0,0,0,0,1,0,1,0,0,0,0,0,0,0,0,0,0,0,1,0,0,0.953623,0,0,0.0463768,0,0,0.810811,0,0,0.189189,1,0,0,0,0,0,0,0.900497,0.0995025,0,0,0,0,0,1,0,0,0,1,0,0,0,0,0,1,0,0,0,0,0,0,0,0.463704,0.536296,0,0,0,0,0,1,0,0,0,1,0,0,0,0,0,0,0.956522,0.0434783,0,0,0,0,0,0,1,0,0,0,1,0,0,0,0,0,0,0,1,0,0,0,0,0,0,0,0,0,0,0,0,0,0,0,0,0.615006,0.384994,0,0,0,0,0,0,0,0,0,0.169312,0.830688,1,0,0,0,0,0,0,1,0,0,0,0,0.5,0,0.5,0,0,0,0,0,0,0,0,0,1,0,0,0,0,0,0,0,0.968992,0.0310078,0,0,0,0,0,1,0,0,0,0,0,0,0,0,0,0,1,0,0,0,0,0.0300752,0,0,0.969925,0,0.0415864,0.00122578,0,0,0,0.0422236,0.000396944,6.24405e-05,0,0,0.000254262,6.28489e-05,0,0,0.0425447,0.039122,0.0446034,0,0,0.00049838,0.0422236,0.00124227,0,0.0422236,0,0,0.000777351,0.00224955,6.41072e-05,0,0.0406288,0.0681235,0.00226784,0.0638044,0,0.00228885,0.39433,0,0.0440702,0.0435681,0.0544976,0,0.00125055,0.0425447,0,0.0479195,0.039331,0.0444404,0.00489985,0.0708629,0.00277666,0.00137946,0.0289777,0,0.215429,0.0278263,0.141402,0,0.0445502,0.0702478,6.16277e-05,0,0.00658131,0,0,0.378661,0,0.0138383,0.0278844,0.00270002,0.00361485,0,0.00708271,0,0.104457,0.00663619,0,0,9.83673e-05,0.107547,
15,,2,16,15,6,3,11,5,10,4,9,1,7,14,8,12,13,,,0.023500,500,4,1,21,0.0104637,0.00202337,0,0,0,0.0104637,0.00115621,0.000462485,0,0,0.000924969,0.000462485,0,0,0.0104637,0.0101747,0.0107817,0,0,0.000462485,0.0104637,0.00202337,0,0.0104637,0,0,0.0016187,0.0027171,0.000462485,0,0.0103192,0.0109262,0.0027171,0.0104637,0,0.0027171,0.0239625,0,0.0106371,0.0103192,0.0116199,0,0.00202337,0.0104637,0,0.00904736,0.00997232,0.010695,0.0027171,0.0116199,0.00202337,0.000462485,0.00867159,0,0.0195111,0.00867159,0.0149151,0,0.0106371,0.00904736,0.000462485,0,0.00453813,0,0,0.0235,0,0.0054631,0.00867159,0.000462485,0.00184994,0,0.00453813,0,0.0149151,0.00453813,0,0,0.000462485,0.0153776,0,1,0,0,0,1,0,0,0,0,0,0,0,0,0,0,0,0,0,0,0,0,0,0,0,0,0,1,0,0,1,0,0,0,0,0,1,0,0,0,0,0,0,0,0,0,0,0,0,0,0,0,0.5,0,0.5,1,0,0,0,0,0,0,0,0,0,0,0,0,0,0,0,1,0,0,0,0,1,0,0,0,1,0,0,0,0,0,0,0,0,0,0,0,0,0,0,0,1,0,0,0,0,1,0,0,0,0,0,0,1,0,0,0,0,0,0,1,0,0,0,0,0,0,0,0,0,0,0,0,0,0,0.285714,0,0,0.714286,0,0,1,0,0,0,1,0,0,0,0,0,0,0,0,0,0,0,1,0,0,0.957672,0,0,0.042328,0,0,0,0,0,1,1,0,0,0,0,0,0,0,0,0,0,0,0,0,1,0.9807,0,0,0.0193004,0,0,0,0,0,0,0,1,0,0,0,0,0,0,1,0,0,0,1,0,0,0,0,0,0,0,0,0,0,1,0,1,0,0,0,0,0,0,0,0,0,0,0,1,0,0,0.953623,0,0,0.0463768,0,0,0.810811,0,0,0.189189,1,0,0,0,0,0,0,0.900497,0.0995025,0,0,0,0,0,1,0,0,0,1,0,0,0,0,0,1,0,0,0,0,0,0,0,0.463704,0.536296,0,0,0,0,0,1,0,0,0,1,0,0,0,0,0,0,0.956522,0.0434783,0,0,0,0,0,0,1,0,0,0,1,0,0,0,0,0,0,0,1,0,0,0,0,0,0,0,0,0,0,0,0,0,0,0,0,0.615006,0.384994,0,0,0,0,0,0,0,0,0,0.169312,0.830688,1,0,0,0,0,0,0,1,0,0,0,0,0.5,0,0.5,0,0,0,0,0,0,0,0,0,1,0,0,0,0,0,0,0,0.968992,0.0310077,0,0,0,0,0,1,0,0,0,0,0,0,0,0,0,0,1,0,0,0,0,0.0300752,0,0,0.969925,0,0.0485528,0.00140348,0,0,0,0.0493068,0.000453802,7.13e-05,0,0,0.000290568,7.17665e-05,0,0,0.0496868,0.045666,0.0521248,0,0,0.000615355,0.0493068,0.0014224,0,0.0493068,0,0,0.000889465,0.00257896,7.34044e-05,0,0.0474203,0.0834027,0.00259998,0.078228,0,0.00262413,0.496191,0,0.0514931,0.0513805,0.0638771,0,0.0014319,0.0496868,0,0.0584998,0.0461004,0.0519316,0.00590978,0.0858556,0.00333673,0.00178418,0.0337862,0,0.262132,0.0323352,0.176932,0,0.0520618,0.0896104,7.03716e-05,0,0.00757209,0,0,0.475657,0,0.0167187,0.0324034,0.00361296,0.00446241,0,0.00819068,0,0.124191,0.00763551,0,0,0.000116979,0.127798,
16,,2,16,15,6,3,11,5,10,4,9,1,7,14,8,12,13,,,0.025000,500,4,1,21,0.0111316,0.00215252,0,0,0,0.0111316,0.00123001,0.000492005,0,0,0.00098401,0.000492005,0,0,0.0111316,0.0108241,0.0114699,0,0,0.000492005,0.0111316,0.00215252,0,0.0111316,0,0,0.00172202,0.00289053,0.000492005,0,0.0109779,0.0116236,0.00289053,0.0111316,0,0.00289053,0.025492,0,0.0113161,0.0109779,0.0123616,0,0.00215252,0.0111316,0,0.00962485,0.0106089,0.0113776,0.00289053,0.0123616,0.00215252,0.000492005,0.00922509,0,0.0207565,0.00922509,0.0158672,0,0.0113161,0.00962485,0.000492005,0,0.0048278,0,0,0.025,0,0.00581181,0.00922509,0.000492005,0.00196802,0,0.0048278,0,0.0158672,0.0048278,0,0,0.000492005,0.0163592,0,1,0,0,0,1,0,0,0,0,0,0,0,0,0,0,0,0,0,0,0,0,0,0,0,0,0,1,0,0,1,0,0,0,0,0,1,0,0,0,0,0,0,0,0,0,0,0,0,0,0,0,0.5,0,0.5,1,0,0,0,0,0,0,0,0,0,0,0,0,0,0,0,1,0,0,0,0,1,0,0,0,1,0,0,0,0,0,0,0,0,0,0,0,0,0,0,0,1,0,0,0,0,1,0,0,0,0,0,0,1,0,0,0,0,0,0,1,0,0,0,0,0,0,0,0,0,0,0,0,0,0,0.285714,0,0,0.714286,0,0,1,0,0,0,1,0,0,0,0,0,0,0,0,0,0,0,1,0,0,0.957672,0,0,0.042328,0,0,0,0,0,1,1,0,0,0,0,0,0,0,0,0,0,0,0,0,1,0.9807,0,0,0.0193004,0,0,0,0,0,0,0,1,0,0,0,0,0,0,1,0,0,0,1,0,0,0,0,0,0,0,0,0,0,1,0,1,0,0,0,0,0,0,0,0,0,0,0,1,0,0,0.953623,0,0,0.0463768,0,0,0.810811,0,0,0.189189,1,0,0,0,0,0,0,0.900497,0.0995025,0,0,0,0,0,1,0,0,0,1,0,0,0,0,0,1,0,0,0,0,0,0,0,0.463704,0.536296,0,0,0,0,0,1,0,0,0,1,0,0,0,0,0,0,0.956522,0.0434783,0,0,0,0,0,0,1,0,0,0,1,0,0,0,0,0,0,0,1,0,0,0,0,0,0,0,0,0,0,0,0,0,0,0,0,0.615006,0.384994,0,0,0,0,0,0,0,0,0,0.169312,0.830688,1,0,0,0,0,0,0,1,0,0,0,0,0.5,0,0.5,0,0,0,0,0,0,0,0,0,1,0,0,0,0,0,0,0,0.968992,0.0310078,0,0,0,0,0,1,0,0,0,0,0,0,0,0,0,0,1,0,0,0,0,0.0300752,0,0,0.969925,0,0.0562556,0.00159391,0,0,0,0.0571414,0.000514588,8.07546e-05,0,0,0.000329359,8.12832e-05,0,0,0.0575879,0.0529011,0.0604546,0,0,0.000751839,0.0571414,0.00161542,0,0.0571414,0,0,0.00100948,0.00293263,8.33672e-05,0,0.0549258,0.101832,0.0029566,0.0956524,0,0.00298412,0.625874,0,0.0597116,0.0602653,0.0743173,0,0.00162624,0.0575879,0,0.0711359,0.0536461,0.0602273,0.00707222,0.10361,0.00397663,0.00229121,0.0390956,0,0.317779,0.0372818,0.221967,0,0.0603805,0.114595,7.97026e-05,0,0.00864177,0,0,0.598761,0,0.0201911,0.0373613,0.00482704,0.00546661,0,0.00940113,0,0.146718,0.00871448,0,0,0.000138219,0.150887,
17,,2,16,15,6,3,11,5,10,4,9,1,7,14,8,12,13,,,0.026500,500,4,1,21,0.0117995,0.00228167,0,0,0,0.0117995,0.00130381,0.000521525,0,0,0.00104305,0.000521525,0,0,0.0117995,0.0114736,0.0121581,0,0,0.000521525,0.0117995,0.00228167,0,0.0117995,0,0,0.00182534,0.00306396,0.000521525,0,0.0116365,0.012321,0.00306396,0.0117995,0,0.00306396,0.0270215,0,0.0119951,0.0116365,0.0131033,0,0.00228167,0.0117995,0,0.0102023,0.0112454,0.0120603,0.00306396,0.0131033,0.00228167,0.000521525,0.0097786,0,0.0220018,0.0097786,0.0168192,0,0.0119951,0.0102023,0.000521525,0,0.00511747,0,0,0.0265,0,0.00616052,0.0097786,0.000521525,0.0020861,0,0.00511747,0,0.0168192,0.00511747,0,0,0.000521525,0.0173407,0,1,0,0,0,1,0,0,0,0,0,0,0,0,0,0,0,0,0,0,0,0,0,0,0,0,0,1,0,0,1,0,0,0,0,0,1,0,0,0,0,0,0,0,0,0,0,0,0,0,0,0,0.5,0,0.5,1,0,0,0,0,0,0,0,0,0,0,0,0,0,0,0,1,0,0,0,0,1,0,0,0,1,0,0,0,0,0,0,0,0,0,0,0,0,0,0,0,1,0,0,0,0,1,0,0,0,0,0,0,1,0,0,0,0,0,0,1,0,0,0,0,0,0,0,0,0,0,0,0,0,0,0.285714,0,0,0.714286,0,0,1,0,0,0,1,0,0,0,0,0,0,0,0,0,0,0,1,0,0,0.957672,0,0,0.042328,0,0,0,0,0,1,1,0,0,0,0,0,0,0,0,0,0,0,0,0,1,0.9807,0,0,0.0193004,0,0,0,0,0,0,0,1,0,0,0,0,0,0,1,0,0,0,1,0,0,0,0,0,0,0,0,0,0,1,0,1,0,0,0,0,0,0,0,0,0,0,0,1,0,0,0.953623,0,0,0.0463768,0,0,0.810811,0,0,0.189189,1,0,0,0,0,0,0,0.900497,0.0995025,0,0,0,0,0,1,0,0,0,1,0,0,0,0,0,1,0,0,0,0,0,0,0,0.463704,0.536296,0,0,0,0,0,1,0,0,0,1,0,0,0,0,0,0,0.956522,0.0434783,0,0,0,0,0,0,1,0,0,0,1,0,0,0,0,0,0,0,1,0,0,0,0,0,0,0,0,0,0,0,0,0,0,0,0,0.615006,0.384994,0,0,0,0,0,0,0,0,0,0.169312,0.830688,1,0,0,0,0,0,0,1,0,0,0,0,0.5,0,0.5,0,0,0,0,0,0,0,0,0,1,0,0,0,0,0,0,0,0.968992,0.0310078,0,0,0,0,0,1,0,0,0,0,0,0,0,0,0,0,1,0,0,0,0,0.0300752,0,0,0.969925,0,0.0647487,0.00179718,0,0,0,0.0657829,0.000579324,9.08055e-05,0,0,0.000370646,9.14001e-05,0,0,0.0663043,0.0608779,0.0696544,0,0,0.000910143,0.0657829,0.00182148,0,0.0657829,0,0,0.00113747,0.00331091,9.40024e-05,0,0.0631968,0.124227,0.00333804,0.116858,0,0.00336919,0.794156,0,0.0687857,0.070428,0.0859098,0,0.0018337,0.0663043,0,0.086297,0.0620409,0.0693887,0.00840605,0.124739,0.00470489,0.00292719,0.0449424,0,0.38443,0.0426913,0.280204,0,0.0695678,0.147443,8.96222e-05,0,0.00979238,0,0,0.757898,0,0.0244517,0.0427833,0.00646367,0.00665365,0,0.0107208,0,0.172427,0.00987515,0,0,0.000162445,0.177198,
18,,2,16,15,6,3,11,5,10,4,9,1,7,14,8,12,13,,,0.028000,500,4,1,21,0.0124674,0.00241082,0,0,0,0.0124674,0.00137761,0.000551046,0,0,0.00110209,0.000551046,0,0,0.0124674,0.012123,0.0128462,0,0,0.000551046,0.0124674,0.00241082,0,0.0124674,0,0,0.00192866,0.00323739,0.000551046,0,0.0122952,0.0130185,0.00323739,0.0124674,0,0.00323739,0.028551,0,0.012674,0.0122952,0.013845,0,0.00241082,0.0124674,0,0.0107798,0.0118819,0.0127429,0.00323739,0.013845,0.00241082,0.000551046,0.0103321,0,0.0232472,0.0103321,0.0177712,0,0.012674,0.0107798,0.000551046,0,0.00540713,0,0,0.028,0,0.00650922,0.0103321,0.000551046,0.00220418,0,0.00540713,0,0.0177712,0.00540713,0,0,0.000551046,0.0183223,0,1,0,0,0,1,0,0,0,0,0,0,0,0,0,0,0,0,0,0,0,0,0,0,0,0,0,1,0,0,1,0,0,0,0,0,1,0,0,0,0,0,0,0,0,0,0,0,0,0,0,0,0.5,0,0.5,1,0,0,0,0,0,0,0,0,0,0,0,0,0,0,0,1,0,0,0,0,1,0,0,0,1,0,0,0,0,0,0,0,0,0,0,0,0,0,0,0,1,0,0,0,0,1,0,0,0,0,0,0,1,0,0,0,0,0,0,1,0,0,0,0,0,0,0,0,0,0,0,0,0,0,0.285714,0,0,0.714286,0,0,1,0,0,0,1,0,0,0,0,0,0,0,0,0,0,0,1,0,0,0.957672,0,0,0.042328,0,0,0,0,0,1,1,0,0,0,0,0,0,0,0,0,0,0,0,0,1,0.9807,0,0,0.0193004,0,0,0,0,0,0,0,1,0,0,0,0,0,0,1,0,0,0,1,0,0,0,0,0,0,0,0,0,0,1,0,1,0,0,0,0,0,0,0,0,0,0,0,1,0,0,0.953623,0,0,0.0463768,0,0,0.810811,0,0,0.189189,1,0,0,0,0,0,0,0.900498,0.0995025,0,0,0,0,0,1,0,0,0,1,0,0,0,0,0,1,0,0,0,0,0,0,0,0.463704,0.536296,0,0,0,0,0,1,0,0,0,1,0,0,0,0,0,0,0.956522,0.0434783,0,0,0,0,0,0,1,0,0,0,1,0,0,0,0,0,0,0,1,0,0,0,0,0,0,0,0,0,0,0,0,0,0,0,0,0.615006,0.384994,0,0,0,0,0,0,0,0,0,0.169312,0.830688,1,0,0,0,0,0,0,1,0,0,0,0,0.5,0,0.5,0,0,0,0,0,0,0,0,0,1,0,0,0,0,0,0,0,0.968992,0.0310078,0,0,0,0,0,1,0,0,0,0,0,0,0,0,0,0,1,0,0,0,0,0.0300752,0,0,0.969925,0,0.0740912,0.00201343,0,0,0,0.0752922,0.000648034,0.000101454,0,0,0.000414441,0.000102119,0,0,0.0758979,0.0696528,0.0797925,0,0,0.00109282,0.0752922,0.00204071,0,0.0752922,0,0,0.00127349,0.00371416,0.000105317,0,0.0722898,0.151712,0.00374467,0.14292,0,0.0037797,1.01819,0,0.0787822,0.0821721,0.0987573,0,0.00205442,0.0758979,0,0.104604,0.071368,0.0794834,0.00993274,0.150049,0.00553093,0.00372764,0.0513671,0,0.464833,0.0485907,0.357566,0,0.0796917,0.191747,0.000100132,0,0.011026,0,0,0.968751,0,0.0298097,0.0486966,0.00871474,0.00805481,0,0.0121575,0,0.201783,0.0111196,0,0,0.000190084,0.207188,
19,,2,16,15,6,3,11,5,10,4,9,1,7,14,8,12,13,,,0.029500,500,4,1,21,0.0131353,0.00253998,0,0,0,0.0131353,0.00145141,0.000580566,0,0,0.00116113,0.000580566,0,0,0.0131353,0.0127724,0.0135344,0,0,0.000580566,0.0131353,0.00253998,0,0.0131353,0,0,0.00203198,0.00341082,0.000580566,0,0.0129539,0.0137159,0.00341082,0.0131353,0,0.00341082,0.0300806,0,0.013353,0.0129539,0.0145867,0,0.00253998,0.0131353,0,0.0113573,0.0125185,0.0134256,0.00341082,0.0145867,0.00253998,0.000580566,0.0108856,0,0.0244926,0.0108856,0.0187232,0,0.013353,0.0113573,0.000580566,0,0.0056968,0,0,0.0295,0,0.00685793,0.0108856,0.000580566,0.00232226,0,0.0056968,0,0.0187232,0.0056968,0,0,0.000580566,0.0193038,0,1,0,0,0,1,0,0,0,0,0,0,0,0,0,0,0,0,0,0,0,0,0,0,0,0,0,1,0,0,1,0,0,0,0,0,1,0,0,0,0,0,0,0,0,0,0,0,0,0,0,0,0.5,0,0.5,1,0,0,0,0,0,0,0,0,0,0,0,0,0,0,0,1,0,0,0,0,1,0,0,0,1,0,0,0,0,0,0,0,0,0,0,0,0,0,0,0,1,0,0,0,0,1,0,0,0,0,0,0,1,0,0,0,0,0,0,1,0,0,0,0,0,0,0,0,0,0,0,0,0,0,0.285714,0,0,0.714286,0,0,1,0,0,0,1,0,0,0,0,0,0,0,0,0,0,0,1,0,0,0.957672,0,0,0.042328,0,0,0,0,0,1,1,0,0,0,0,0,0,0,0,0,0,0,0,0,1,0.9807,0,0,0.0193004,0,0,0,0,0,0,0,1,0,0,0,0,0,0,1,0,0,0,1,0,0,0,0,0,0,0,0,0,0,1,0,1,0,0,0,0,0,0,0,0,0,0,0,1,0,0,0.953623,0,0,0.0463768,0,0,0.810811,0,0,0.189189,1,0,0,0,0,0,0,0.900498,0.0995025,0,0,0,0,0,1,0,0,0,1,0,0,0,0,0,1,0,0,0,0,0,0,0,0.463704,0.536296,0,0,0,0,0,1,0,0,0,1,0,0,0,0,0,0,0.956522,0.0434783,0,0,0,0,0,0,1,0,0,0,1,0,0,0,0,0,0,0,1,0,0,0,0,0,0,0,0,0,0,0,0,0,0,0,0,0.615006,0.384994,0,0,0,0,0,0,0,0,0,0.169312,0.830688,1,0,0,0,0,0,0,1,0,0,0,0,0.5,0,0.5,0,0,0,0,0,0,0,0,0,1,0,0,0,0,0,0,0,0.968992,0.0310077,0,0,0,0,0,1,0,0,0,0,0,0,0,0,0,0,1,0,0,0,0,0.0300752,0,0,0.969925,0,0.0843483,0.0022428,0,0,0,0.0857367,0.000720742,0.000112702,0,0,0.000460755,0.000113441,0,0,0.0864371,0.0792874,0.0909441,0,0,0.00130268,0.0857367,0.00227324,0,0.0857367,0,0,0.00141761,0.00414273,0.000117319,0,0.0822669,0.185882,0.00417685,0.175365,0,0.00421603,1.32708,0,0.0897743,0.0959805,0.112975,0,0.00228855,0.0864371,0,0.126894,0.0817229,0.0905862,0.0116769,0.180636,0.00646521,0.00474098,0.0584144,0,0.562737,0.0550092,0.464174,0,0.0908274,0.253648,0.000111232,0,0.0123448,0,0,1.25765,0,0.0367818,0.0551305,0.0119024,0.00970784,0,0.0137205,0,0.235347,0.0124501,0,0,0.000221648,0.241407,
20,,2,16,15,6,3,11,5,10,4,9,1,7,14,8,12,13,,,0.031000,500,4,1,21,0.0138032,0.00266913,0,0,0,0.0138032,0.00152522,0.000610086,0,0,0.00122017,0.000610086,0,0,0.0138032,0.0134219,0.0142226,0,0,0.000610086,0.0138032,0.00266913,0,0.0138032,0,0,0.0021353,0.00358426,0.000610086,0,0.0136125,0.0144133,0.00358426,0.0138032,0,0.00358426,0.0316101,0,0.014032,0.0136125,0.0153284,0,0.00266913,0.0138032,0,0.0119348,0.013155,0.0141082,0.00358426,0.0153284,0.00266913,0.000610086,0.0114391,0,0.025738,0.0114391,0.0196753,0,0.014032,0.0119348,0.000610086,0,0.00598647,0,0,0.031,0,0.00720664,0.0114391,0.000610086,0.00244034,0,0.00598647,0,0.0196753,0.00598647,0,0,0.000610086,0.0202854,0,1,0,0,0,1,0,0,0,0,0,0,0,0,0,0,0,0,0,0,0,0,0,0,0,0,0,1,0,0,1,0,0,0,0,0,1,0,0,0,0,0,0,0,0,0,0,0,0,0,0,0,0.5,0,0.5,1,0,0,0,0,0,0,0,0,0,0,0,0,0,0,0,1,0,0,0,0,1,0,0,0,1,0,0,0,0,0,0,0,0,0,0,0,0,0,0,0,1,0,0,0,0,1,0,0,0,0,0,0,1,0,0,0,0,0,0,1,0,0,0,0,0,0,0,0,0,0,0,0,0,0,0.285714,0,0,0.714286,0,0,1,0,0,0,1,0,0,0,0,0,0,0,0,0,0,0,1,0,0,0.957672,0,0,0.042328,0,0,0,0,0,1,1,0,0,0,0,0,0,0,0,0,0,0,0,0,1,0.9807,0,0,0.0193004,0,0,0,0,0,0,0,1,0,0,0,0,0,0,1,0,0,0,1,0,0,0,0,0,0,0,0,0,0,1,0,1,0,0,0,0,0,0,0,0,0,0,0,1,0,0,0.953623,0,0,0.0463768,0,0,0.810811,0,0,0.189189,1,0,0,0,0,0,0,0.900498,0.0995025,0,0,0,0,0,1,0,0,0,1,0,0,0,0,0,1,0,0,0,0,0,0,0,0.463704,0.536296,0,0,0,0,0,1,0,0,0,1,0,0,0,0,0,0,0.956522,0.0434783,0,0,0,0,0,0,1,0,0,0,1,0,0,0,0,0,0,0,1,0,0,0,0,0,0,0,0,0,0,0,0,0,0,0,0,0.615006,0.384994,0,0,0,0,0,0,0,0,0,0.169312,0.830688,1,0,0,0,0,0,0,1,0,0,0,0,0.5,0,0.5,0,0,0,0,0,0,0,0,0,1,0,0,0,0,0,0,0,0.968992,0.0310078,0,0,0,0,0,1,0,0,0,0,0,0,0,0,0,0,1,0,0,0,0,0.0300752,0,0,0.969925,0,0.0955922,0.00248543,0,0,0,0.0971909,0.00079747,0.000124551,0,0,0.000509602,0.000125367,0,0,0.0979976,0.0898505,0.103193,0,0,0.00154284,0.0971909,0.00251923,0,0.0971909,0,0,0.00156992,0.004597,0.000130014,0,0.0931969,0.229076,0.00463496,0.216431,0,0.00467854,1.77441,0,0.101844,0.1127,0.128692,0,0.00253622,0.0979976,0,0.154332,0.0932159,0.10278,0.0136667,0.218012,0.00751935,0.006035,0.0661343,0,0.683386,0.0619785,0.618874,0,0.103058,0.344576,0.000122926,0,0.0137509,0,0,1.67248,0,0.0463056,0.0621168,0.0166125,0.0116586,0,0.0154207,0,0.273799,0.0138688,0,0,0.000257754,0.280517,
21,,2,16,15,6,3,11,5,10,4,9,1,7,14,8,12,13,,,0.032500,500,4,1,21,0.0144711,0.00279828,0,0,0,0.0144711,0.00159902,0.000639606,0,0,0.00127921,0.000639606,0,0,0.0144711,0.0140713,0.0149108,0,0,0.000639606,0.0144711,0.00279828,0,0.0144711,0,0,0.00223862,0.00375769,0.000639606,0,0.0142712,0.0151107,0.00375769,0.0144711,0,0.00375769,0.0331396,0,0.0147109,0.0142712,0.0160701,0,0.00279828,0.0144711,0,0.0125123,0.0137915,0.0147909,0.00375769,0.0160701,0.00279828,0.000639606,0.0119926,0,0.0269834,0.0119926,0.0206273,0,0.0147109,0.0125123,0.000639606,0,0.00627614,0,0,0.0325,0,0.00755535,0.0119926,0.000639606,0.00255843,0,0.00627614,0,0.0206273,0.00627614,0,0,0.000639606,0.0212669,0,1,0,0,0,1,0,0,0,0,0,0,0,0,0,0,0,0,0,0,0,0,0,0,0,0,0,1,0,0,1,0,0,0,0,0,1,0,0,0,0,0,0,0,0,0,0,0,0,0,0,0,0.5,0,0.5,1,0,0,0,0,0,0,0,0,0,0,0,0,0,0,0,1,0,0,0,0,1,0,0,0,1,0,0,0,0,0,0,0,0,0,0,0,0,0,0,0,1,0,0,0,0,1,0,0,0,0,0,0,1,0,0,0,0,0,0,1,0,0,0,0,0,0,0,0,0,0,0,0,0,0,0.285714,0,0,0.714286,0,0,1,0,0,0,1,0,0,0,0,0,0,0,0,0,0,0,1,0,0,0.957672,0,0,0.042328,0,0,0,0,0,1,1,0,0,0,0,0,0,0,0,0,0,0,0,0,1,0.9807,0,0,0.0193004,0,0,0,0,0,0,0,1,0,0,0,0,0,0,1,0,0,0,1,0,0,0,0,0,0,0,0,0,0,1,0,1,0,0,0,0,0,0,0,0,0,0,0,1,0,0,0.953623,0,0,0.0463768,0,0,0.810811,0,0,0.189189,1,0,0,0,0,0,0,0.900497,0.0995025,0,0,0,0,0,1,0,0,0,1,0,0,0,0,0,1,0,0,0,0,0,0,0,0.463704,0.536296,0,0,0,0,0,1,0,0,0,1,0,0,0,0,0,0,0.956522,0.0434783,0,0,0,0,0,0,1,0,0,0,1,0,0,0,0,0,0,0,1,0,0,0,0,0,0,0,0,0,0,0,0,0,0,0,0,0.615006,0.384994,0,0,0,0,0,0,0,0,0,0.169312,0.830688,1,0,0,0,0,0,0,1,0,0,0,0,0.5,0,0.5,0,0,0,0,0,0,0,0,0,1,0,0,0,0,0,0,0,0.968992,0.0310077,0,0,0,0,0,1,0,0,0,0,0,0,0,0,0,0,1,0,0,0,0,0.0300752,0,0,0.969925,0,0.107903,0.00274147,0,0,0,0.109737,0.000878243,0.000137001,0,0,0.000560992,0.000137899,0,0,0.110663,0.101418,0.116633,0,0,0.00181677,0.109737,0.00277881,0,0.109737,0,0,0.00173046,0.00507735,0.00014341,0,0.105156,0.284873,0.00511938,0.269542,0,0.00516765,2.47089,0,0.115082,0.134016,0.146056,0,0.00279759,0.110663,0,0.188573,0.105976,0.116158,0.015935,0.264336,0.00870634,0.00770766,0.0745822,0,0.834358,0.0695328,0.861207,0,0.116478,0.488518,0.000135213,0,0.0152468,0,0,2.3103,0,0.060279,0.0696899,0.0240328,0.0139635,0,0.0172714,0,0.317976,0.0153781,0,0,0.000299158,0.325328,
22,,2,16,15,6,3,11,5,10,4,9,1,7,14,8,12,13,,,0.034000,500,4,1,21,0.015139,0.00292743,0,0,0,0.015139,0.00167282,0.000669127,0,0,0.00133825,0.000669127,0,0,0.015139,0.0147208,0.015599,0,0,0.000669127,0.015139,0.00292743,0,0.015139,0,0,0.00234194,0.00393112,0.000669127,0,0.0149299,0.0158081,0.00393112,0.015139,0,0.00393112,0.0346691,0,0.0153899,0.0149299,0.0168118,0,0.00292743,0.015139,0,0.0130898,0.014428,0.0154736,0.00393112,0.0168118,0.00292743,0.000669127,0.0125461,0,0.0282288,0.0125461,0.0215793,0,0.0153899,0.0130898,0.000669127,0,0.00656581,0,0,0.034,0,0.00790406,0.0125461,0.000669127,0.00267651,0,0.00656581,0,0.0215793,0.00656581,0,0,0.000669127,0.0222485,0,1,0,0,0,1,0,0,0,0,0,0,0,0,0,0,0,0,0,0,0,0,0,0,0,0,0,1,0,0,1,0,0,0,0,0,1,0,0,0,0,0,0,0,0,0,0,0,0,0,0,0,0.5,0,0.5,1,0,0,0,0,0,0,0,0,0,0,0,0,0,0,0,1,0,0,0,0,1,0,0,0,1,0,0,0,0,0,0,0,0,0,0,0,0,0,0,0,1,0,0,0,0,1,0,0,0,0,0,0,1,0,0,0,0,0,0,1,0,0,0,0,0,0,0,0,0,0,0,0,0,0,0.285714,0,0,0.714286,0,0,1,0,0,0,1,0,0,0,0,0,0,0,0,0,0,0,1,0,0,0.957672,0,0,0.042328,0,0,0,0,0,1,1,0,0,0,0,0,0,0,0,0,0,0,0,0,1,0.9807,0,0,0.0193004,0,0,0,0,0,0,0,1,0,0,0,0,0,0,1,0,0,0,1,0,0,0,0,0,0,0,0,0,0,1,0,1,0,0,0,0,0,0,0,0,0,0,0,1,0,0,0.953623,0,0,0.0463768,0,0,0.810811,0,0,0.189189,1,0,0,0,0,0,0,0.900497,0.0995025,0,0,0,0,0,1,0,0,0,1,0,0,0,0,0,1,0,0,0,0,0,0,0,0.463704,0.536296,0,0,0,0,0,1,0,0,0,1,0,0,0,0,0,0,0.956522,0.0434783,0,0,0,0,0,0,1,0,0,0,1,0,0,0,0,0,0,0,1,0,0,0,0,0,0,0,0,0,0,0,0,0,0,0,0,0.615006,0.384994,0,0,0,0,0,0,0,0,0,0.169312,0.830688,1,0,0,0,0,0,0,1,0,0,0,0,0.5,0,0.5,0,0,0,0,0,0,0,0,0,1,0,0,0,0,0,0,0,0.968992,0.0310078,0,0,0,0,0,1,0,0,0,0,0,0,0,0,0,0,1,0,0,0,0,0.0300752,0,0,0.969925,0,0.121369,0.00301104,0,0,0,0.123468,0.000963085,0.000150055,0,0,0.000614937,0.000151039,0,0,0.124528,0.114076,0.131367,0,0,0.00212833,0.123468,0.00305214,0,0.123468,0,0,0.00189933,0.00558416,0.000157515,0,0.118228,0.359032,0.0056305,0.340206,0,0.00568373,3.6882,0,0.129589,0.163974,0.165233,0,0.0030728,0.124528,0,0.232066,0.120157,0.130823,0.0185204,0.322798,0.0100407,0.00990583,0.0838204,0,1.02702,0.0777093,1.29059,0,0.131189,0.745779,0.000148095,0,0.0168347,0,0,3.40251,0,0.0832221,0.077887,0.0369947,0.0166925,0,0.0192887,0,0.368921,0.0169804,0,0,0.000346791,0.376837,
23,,2,16,15,6,3,11,5,10,4,9,1,7,14,8,12,13,,,0.035500,500,4,1,21,0.0158069,0.00305658,0,0,0,0.0158069,0.00174662,0.000698647,0,0,0.00139729,0.000698647,0,0,0.0158069,0.0153702,0.0162872,0,0,0.000698647,0.0158069,0.00305658,0,0.0158069,0,0,0.00244526,0.00410455,0.000698647,0,0.0155886,0.0165055,0.00410455,0.0158069,0,0.00410455,0.0361986,0,0.0160689,0.0155886,0.0175535,0,0.00305658,0.0158069,0,0.0136673,0.0150646,0.0161562,0.00410455,0.0175535,0.00305658,0.000698647,0.0130996,0,0.0294742,0.0130996,0.0225314,0,0.0160689,0.0136673,0.000698647,0,0.00685547,0,0,0.0355,0,0.00825277,0.0130996,0.000698647,0.00279459,0,0.00685547,0,0.0225314,0.00685547,0,0,0.000698647,0.02323,0,1,0,0,0,1,0,0,0,0,0,0,0,0,0,0,0,0,0,0,0,0,0,0,0,0,0,1,0,0,1,0,0,0,0,0,1,0,0,0,0,0,0,0,0,0,0,0,0,0,0,0,0.5,0,0.5,1,0,0,0,0,0,0,0,0,0,0,0,0,0,0,0,1,0,0,0,0,1,0,0,0,1,0,0,0,0,0,0,0,0,0,0,0,0,0,0,0,1,0,0,0,0,1,0,0,0,0,0,0,1,0,0,0,0,0,0,1,0,0,0,0,0,0,0,0,0,0,0,0,0,0,0.285714,0,0,0.714286,0,0,1,0,0,0,1,0,0,0,0,0,0,0,0,0,0,0,1,0,0,0.957672,0,0,0.042328,0,0,0,0,0,1,1,0,0,0,0,0,0,0,0,0,0,0,0,0,1,0.9807,0,0,0.0193004,0,0,0,0,0,0,0,1,0,0,0,0,0,0,1,0,0,0,1,0,0,0,0,0,0,0,0,0,0,1,0,1,0,0,0,0,0,0,0,0,0,0,0,1,0,0,0.953623,0,0,0.0463768,0,0,0.810811,0,0,0.189189,1,0,0,0,0,0,0,0.900498,0.0995025,0,0,0,0,0,1,0,0,0,1,0,0,0,0,0,1,0,0,0,0,0,0,0,0.463704,0.536296,0,0,0,0,0,1,0,0,0,1,0,0,0,0,0,0,0.956522,0.0434783,0,0,0,0,0,0,1,0,0,0,1,0,0,0,0,0,0,0,1,0,0,0,0,0,0,0,0,0,0,0,0,0,0,0,0,0.615006,0.384994,0,0,0,0,0,0,0,0,0,0.169312,0.830688,1,0,0,0,0,0,0,1,0,0,0,0,0.5,0,0.5,0,0,0,0,0,0,0,0,0,1,0,0,0,0,0,0,0,0.968992,0.0310078,0,0,0,0,0,1,0,0,0,0,0,0,0,0,0,0,1,0,0,0,0,0.0300752,0,0,0.969925,0,0.136089,0.00329431,0,0,0,0.138485,0.00105202,0.000163713,0,0,0.000671451,0.000164787,0,0,0.139696,0.127918,0.147512,0,0,0.00248183,0.138485,0.00333936,0,0.138485,0,0,0.00207658,0.00611782,0.000172336,0,0.132506,0.461449,0.00616873,0.437895,0,0.00622719,6.31836,0,0.145479,0.215675,0.186412,0,0.00336201,0.139696,0,0.288584,0.135941,0.14689,0.0214683,0.398314,0.0115386,0.0128603,0.0939187,0,1.27921,0.0865483,2.24867,0,0.147309,1.32359,0.000161575,0,0.0185171,0,0,5.66991,0,0.129208,0.0867487,0.0643183,0.0199338,0,0.0214926,0,0.427944,0.0186782,0,0,0.000401814,0.436292,
24,,2,16,15,6,3,11,5,10,4,9,1,7,14,8,12,13,,,0.037000,500,4,1,21,0.0164748,0.00318573,0,0,0,0.0164748,0.00182042,0.000728167,0,0,0.00145633,0.000728167,0,0,0.0164748,0.0160197,0.0169754,0,0,0.000728167,0.0164748,0.00318573,0,0.0164748,0,0,0.00254859,0.00427798,0.000728167,0,0.0162472,0.017203,0.00427798,0.0164748,0,0.00427798,0.0377282,0,0.0167478,0.0162472,0.0182952,0,0.00318573,0.0164748,0,0.0142448,0.0157011,0.0168389,0.00427798,0.0182952,0.00318573,0.000728167,0.0136531,0,0.0307196,0.0136531,0.0234834,0,0.0167478,0.0142448,0.000728167,0,0.00714514,0,0,0.037,0,0.00860148,0.0136531,0.000728167,0.00291267,0,0.00714514,0,0.0234834,0.00714514,0,0,0.000728167,0.0242116,0,1,0,0,0,1,0,0,0,0,0,0,0,0,0,0,0,0,0,0,0,0,0,0,0,0,0,1,0,0,1,0,0,0,0,0,1,0,0,0,0,0,0,0,0,0,0,0,0,0,0,0,0.5,0,0.5,1,0,0,0,0,0,0,0,0,0,0,0,0,0,0,0,1,0,0,0,0,1,0,0,0,1,0,0,0,0,0,0,0,0,0,0,0,0,0,0,0,1,0,0,0,0,1,0,0,0,0,0,0,1,0,0,0,0,0,0,1,0,0,0,0,0,0,0,0,0,0,0,0,0,0,0.285714,0,0,0.714286,0,0,1,0,0,0,1,0,0,0,0,0,0,0,0,0,0,0,1,0,0,0.957672,0,0,0.042328,0,0,0,0,0,1,1,0,0,0,0,0,0,0,0,0,0,0,0,0,1,0.9807,0,0,0.0193004,0,0,0,0,0,0,0,1,0,0,0,0,0,0,1,0,0,0,1,0,0,0,0,0,0,0,0,0,0,1,0,1,0,0,0,0,0,0,0,0,0,0,0,1,0,0,0.953623,0,0,0.0463768,0,0,0.810811,0,0,0.189189,1,0,0,0,0,0,0,0.900497,0.0995025,0,0,0,0,0,1,0,0,0,1,0,0,0,0,0,1,0,0,0,0,0,0,0,0.463704,0.536296,0,0,0,0,0,1,0,0,0,1,0,0,0,0,0,0,0.956522,0.0434783,0,0,0,0,0,0,1,0,0,0,1,0,0,0,0,0,0,0,1,0,0,0,0,0,0,0,0,0,0,0,0,0,0,0,0,0.615006,0.384994,0,0,0,0,0,0,0,0,0,0.169312,0.830688,1,0,0,0,0,0,0,1,0,0,0,0,0.5,0,0.5,0,0,0,0,0,0,0,0,0,1,0,0,0,0,0,0,0,0.968992,0.0310078,0,0,0,0,0,1,0,0,0,0,0,0,0,0,0,0,1,0,0,0,0,0.0300752,0,0,0.969925,0,0.152175,0.00359141,0,0,0,0.154904,0.00114507,0.000177977,0,0,0.000730544,0.000179146,0,0,0.156283,0.143051,0.1652,0,0,0.00288211,0.154904,0.00364061,0,0.154904,0,0,0.00226229,0.00667873,0.000187881,0,0.148096,0.610705,0.00673445,0.580382,0,0.00679844,16,0,0.162879,0.371491,0.20981,0,0.00366535,0.156283,0,0.364267,0.153557,0.164489,0.0248338,0.498876,0.0132186,0.0169556,0.104956,0,1.62069,0.0960936,6.2067,0,0.164968,3.721,0.000175652,0,0.0202967,0,0,13.0686,0,0.275462,0.0963191,0.154413,0.0237999,0,0.0239081,0,0.496717,0.0204741,0,0,0.000465696,0.505268,
25,,2,16,15,6,3,11,5,10,4,9,1,7,14,8,12,13,,,0.038500,500,4,1,21,0.0171427,0.00331488,0,0,0,0.0171427,0.00189422,0.000757688,0,0,0.00151538,0.000757688,0,0,0.0171427,0.0166691,0.0176636,0,0,0.000757688,0.0171427,0.00331488,0,0.0171427,0,0,0.00265191,0.00445141,0.000757688,0,0.0169059,0.0179004,0.00445141,0.0171427,0,0.00445141,0.0392577,0,0.0174268,0.0169059,0.0190369,0,0.00331488,0.0171427,0,0.0148223,0.0163376,0.0175215,0.00445141,0.0190369,0.00331488,0.000757688,0.0142066,0,0.0319649,0.0142066,0.0244354,0,0.0174268,0.0148223,0.000757688,0,0.00743481,0,0,0.0385,0,0.00895018,0.0142066,0.000757688,0.00303075,0,0.00743481,0,0.0244354,0.00743481,0,0,0.000757688,0.0251931,0,1,0,0,0,1,0,0,0,0,0,0,0,0,0,0,0,0,0,0,0,0,0,0,0,0,0,1,0,0,1,0,0,0,0,0,1,0,0,0,0,0,0,0,0,0,0,0,0,0,0,0,0.5,0,0.5,1,0,0,0,0,0,0,0,0,0,0,0,0,0,0,0,1,0,0,0,0,1,0,0,0,1,0,0,0,0,0,0,0,0,0,0,0,0,0,0,0,1,0,0,0,0,1,0,0,0,0,0,0,1,0,0,0,0,0,0,1,0,0,0,0,0,0,0,0,0,0,0,0,0,0,0.285714,0,0,0.714286,0,0,1,0,0,0,1,0,0,0,0,0,0,0,0,0,0,0,1,0,0,0.957672,0,0,0.042328,0,0,0,0,0,1,1,0,0,0,0,0,0,0,0,0,0,0,0,0,1,0.9807,0,0,0.0193004,0,0,0,0,0,0,0,1,0,0,0,0,0,0,1,0,0,0,1,0,0,0,0,0,0,0,0,0,0,1,0,1,0,0,0,0,0,0,0,0,0,0,0,1,0,0,0.953623,0,0,0.0463768,0,0,0.810811,0,0,0.189189,1,0,0,0,0,0,0,0.900497,0.0995025,0,0,0,0,0,1,0,0,0,1,0,0,0,0,0,1,0,0,0,0,0,0,0,0.463704,0.536296,0,0,0,0,0,1,0,0,0,1,0,0,0,0,0,0,0.956522,0.0434783,0,0,0,0,0,0,1,0,0,0,1,0,0,0,0,0,0,0,1,0,0,0,0,0,0,0,0,0,0,0,0,0,0,0,0,0.615006,0.384994,0,0,0,0,0,0,0,0,0,0.169312,0.830688,1,0,0,0,0,0,0,1,0,0,0,0,0.5,0,0.5,0,0,0,0,0,0,0,0,0,1,0,0,0,0,0,0,0,0.968992,0.0310078,0,0,0,0,0,1,0,0,0,0,0,0,0,0,0,0,1,0,0,0,0,0.0300752,0,0,0.969925,0,0.169749,0.0039025,0,0,0,0.172852,0.00124227,0.000192849,0,0,0.000792229,0.000194116,0,0,0.174421,0.159594,0.184577,0,0,0.0033346,0.172852,0.00395606,0,0.172852,0,0,0.00245654,0.0072673,0.000204156,0,0.165114,0.846237,0.00732809,0.805403,0,0.00739791,-52.4721,0,0.181932,-0.611675,0.235677,0,0.003983,0.174421,0,0.469812,0.173294,0.183767,0.0286854,0.638417,0.0151012,0.0228838,0.11702,0,2.10497,0.106393,-11.9534,0,0.184313,-7.29838,0.000190328,0,0.022176,0,0,-115.844,0,-2.23891,0.106646,-1.4235,0.0284366,0,0.0265675,0,0.577411,0.0223708,0,0,0.000540323,0.585785,
26,,2,16,15,6,3,11,5,10,4,9,1,7,14,8,12,13,,,0.040000,500,4,1,21,0.0178106,0.00344403,0,0,0,0.0178106,0.00196802,0.000787208,0,0,0.00157442,0.000787208,0,0,0.0178106,0.0173186,0.0183518,0,0,0.000787208,0.0178106,0.00344403,0,0.0178106,0,0,0.00275523,0.00462485,0.000787208,0,0.0175646,0.0185978,0.00462485,0.0178106,0,0.00462485,0.0407872,0,0.0181058,0.0175646,0.0197786,0,0.00344403,0.0178106,0,0.0153998,0.0169742,0.0182042,0.00462485,0.0197786,0.00344403,0.000787208,0.0147601,0,0.0332103,0.0147601,0.0253875,0,0.0181058,0.0153998,0.000787208,0,0.00772448,0,0,0.04,0,0.00929889,0.0147601,0.000787208,0.00314883,0,0.00772448,0,0.0253875,0.00772448,0,0,0.000787208,0.0261747,0,1,0,0,0,1,0,0,0,0,0,0,0,0,0,0,0,0,0,0,0,0,0,0,0,0,0,1,0,0,1,0,0,0,0,0,1,0,0,0,0,0,0,0,0,0,0,0,0,0,0,0,0.5,0,0.5,1,0,0,0,0,0,0,0,0,0,0,0,0,0,0,0,1,0,0,0,0,1,0,0,0,1,0,0,0,0,0,0,0,0,0,0,0,0,0,0,0,1,0,0,0,0,1,0,0,0,0,0,0,1,0,0,0,0,0,0,1,0,0,0,0,0,0,0,0,0,0,0,0,0,0,0.285714,0,0,0.714286,0,0,1,0,0,0,1,0,0,0,0,0,0,0,0,0,0,0,1,0,0,0.957672,0,0,0.042328,0,0,0,0,0,1,1,0,0,0,0,0,0,0,0,0,0,0,0,0,1,0.9807,0,0,0.0193004,0,0,0,0,0,0,0,1,0,0,0,0,0,0,1,0,0,0,1,0,0,0,0,0,0,0,0,0,0,1,0,1,0,0,0,0,0,0,0,0,0,0,0,1,0,0,0.953623,0,0,0.0463768,0,0,0.810811,0,0,0.189189,1,0,0,0,0,0,0,0.900498,0.0995025,0,0,0,0,0,1,0,0,0,1,0,0,0,0,0,1,0,0,0,0,0,0,0,0.463704,0.536296,0,0,0,0,0,1,0,0,0,1,0,0,0,0,0,0,0.956522,0.0434783,0,0,0,0,0,0,1,0,0,0,1,0,0,0,0,0,0,0,1,0,0,0,0,0,0,0,0,0,0,0,0,0,0,0,0,0.615006,0.384994,0,0,0,0,0,0,0,0,0,0.169312,0.830688,1,0,0,0,0,0,0,1,0,0,0,0,0.5,0,0.5,0,0,0,0,0,0,0,0,0,1,0,0,0,0,0,0,0,0.968992,0.0310077,0,0,0,0,0,1,0,0,0,0,0,0,0,0,0,0,1,0,0,0,0,0.0300752,0,0,0.969925,0,0.188951,0.00422772,0,0,0,0.192476,0.00134363,0.00020833,0,0,0.000856519,0.000209699,0,0,0.194259,0.177683,0.205812,0,0,0.00384544,0.192476,0.00428586,0,0.192476,0,0,0.0026594,0.00788395,0.000221171,0,0.183691,1.26905,0.00795007,1.2096,0,0.00802602,-11.2702,0,0.2028,0.00684583,0.264301,0,0.0043151,0.194259,0,0.62567,0.195555,0.20489,0.0331126,0.843568,0.0172101,0.0320282,0.130213,0,2.83906,0.117499,-3.38003,0,0.205511,-2.10161,0.000205606,0,0.0241579,0,0,-12.2719,0,-0.215168,0.117783,-0.156606,0.0340366,0,0.0295128,0,0.672892,0.0243712,0,0,0.000628155,0.680482,
27,,2,16,15,6,3,11,5,10,4,9,1,7,14,8,12,13,,,0.041500,500,4,1,21,0.0184785,0.00357319,0,0,0,0.0184785,0.00204182,0.000816728,0,0,0.00163346,0.000816728,0,0,0.0184785,0.017968,0.01904,0,0,0.000816728,0.0184785,0.00357319,0,0.0184785,0,0,0.00285855,0.00479828,0.000816728,0,0.0182232,0.0192952,0.00479828,0.0184785,0,0.00479828,0.0423167,0,0.0187847,0.0182232,0.0205203,0,0.00357319,0.0184785,0,0.0159772,0.0176107,0.0188868,0.00479828,0.0205203,0.00357319,0.000816728,0.0153137,0,0.0344557,0.0153137,0.0263395,0,0.0187847,0.0159772,0.000816728,0,0.00801414,0,0,0.0415,0,0.0096476,0.0153137,0.000816728,0.00326691,0,0.00801414,0,0.0263395,0.00801414,0,0,0.000816728,0.0271562,0,1,0,0,0,1,0,0,0,0,0,0,0,0,0,0,0,0,0,0,0,0,0,0,0,0,0,1,0,0,1,0,0,0,0,0,1,0,0,0,0,0,0,0,0,0,0,0,0,0,0,0,0.5,0,0.5,1,0,0,0,0,0,0,0,0,0,0,0,0,0,0,0,1,0,0,0,0,1,0,0,0,1,0,0,0,0,0,0,0,0,0,0,0,0,0,0,0,1,0,0,0,0,1,0,0,0,0,0,0,1,0,0,0,0,0,0,1,0,0,0,0,0,0,0,0,0,0,0,0,0,0,0.285714,0,0,0.714286,0,0,1,0,0,0,1,0,0,0,0,0,0,0,0,0,0,0,1,0,0,0.957672,0,0,0.042328,0,0,0,0,0,1,1,0,0,0,0,0,0,0,0,0,0,0,0,0,1,0.9807,0,0,0.0193004,0,0,0,0,0,0,0,1,0,0,0,0,0,0,1,0,0,0,1,0,0,0,0,0,0,0,0,0,0,1,0,1,0,0,0,0,0,0,0,0,0,0,0,1,0,0,0.953623,0,0,0.0463768,0,0,0.810811,0,0,0.189189,1,0,0,0,0,0,0,0.900497,0.0995025,0,0,0,0,0,1,0,0,0,1,0,0,0,0,0,1,0,0,0,0,0,0,0,0.463704,0.536296,0,0,0,0,0,1,0,0,0,1,0,0,0,0,0,0,0.956522,0.0434783,0,0,0,0,0,0,1,0,0,0,1,0,0,0,0,0,0,0,1,0,0,0,0,0,0,0,0,0,0,0,0,0,0,0,0,0.615006,0.384994,0,0,0,0,0,0,0,0,0,0.169312,0.830688,1,0,0,0,0,0,0,1,0,0,0,0,0.5,0,0.5,0,0,0,0,0,0,0,0,0,1,0,0,0,0,0,0,0,0.968992,0.0310077,0,0,0,0,0,1,0,0,0,0,0,0,0,0,0,0,1,0,0,0,0,0.0300752,0,0,0.969925,0,0.209938,0.00456723,0,0,0,0.213938,0.00144918,0.000224422,0,0,0.000923425,0.000225897,0,0,0.215962,0.19747,0.229094,0,0,0.00442159,0.213938,0.00463016,0,0.213938,0,0,0.00287094,0.00852909,0.000238932,0,0.203976,2.23878,0.00860082,2.13704,0,0.00868321,-6.73848,0,0.225668,0.0919236,0.296016,0,0.00466181,0.215962,0,0.876448,0.220963,0.228045,0.0382446,1.17242,0.0195721,0.0476141,0.144649,0,4.07242,0.129469,-2.08094,0,0.228752,-1.31752,0.000221486,0,0.0262451,0,0,-6.94468,0,-0.109003,0.129786,-0.0919147,0.0408596,0,0.0327999,0,0.78703,0.026478,0,0,0.000732461,0.792866,
28,,2,16,15,6,3,11,5,10,4,9,1,7,14,8,12,13,,,0.043000,500,4,1,21,0.0191464,0.00370234,0,0,0,0.0191464,0.00211562,0.000846248,0,0,0.0016925,0.000846248,0,0,0.0191464,0.0186175,0.0197282,0,0,0.000846248,0.0191464,0.00370234,0,0.0191464,0,0,0.00296187,0.00497171,0.000846248,0,0.0188819,0.0199926,0.00497171,0.0191464,0,0.00497171,0.0438462,0,0.0194637,0.0188819,0.021262,0,0.00370234,0.0191464,0,0.0165547,0.0182472,0.0195695,0.00497171,0.021262,0.00370234,0.000846248,0.0158672,0,0.0357011,0.0158672,0.0272915,0,0.0194637,0.0165547,0.000846248,0,0.00830381,0,0,0.043,0,0.00999631,0.0158672,0.000846248,0.00338499,0,0.00830381,0,0.0272915,0.00830381,0,0,0.000846248,0.0281378,0,1,0,0,0,1,0,0,0,0,0,0,0,0,0,0,0,0,0,0,0,0,0,0,0,0,0,1,0,0,1,0,0,0,0,0,1,0,0,0,0,0,0,0,0,0,0,0,0,0,0,0,0.5,0,0.5,1,0,0,0,0,0,0,0,0,0,0,0,0,0,0,0,1,0,0,0,0,1,0,0,0,1,0,0,0,0,0,0,0,0,0,0,0,0,0,0,0,1,0,0,0,0,1,0,0,0,0,0,0,1,0,0,0,0,0,0,1,0,0,0,0,0,0,0,0,0,0,0,0,0,0,0.285714,0,0,0.714286,0,0,1,0,0,0,1,0,0,0,0,0,0,0,0,0,0,0,1,0,0,0.957672,0,0,0.042328,0,0,0,0,0,1,1,0,0,0,0,0,0,0,0,0,0,0,0,0,1,0.9807,0,0,0.0193004,0,0,0,0,0,0,0,1,0,0,0,0,0,0,1,0,0,0,1,0,0,0,0,0,0,0,0,0,0,1,0,1,0,0,0,0,0,0,0,0,0,0,0,1,0,0,0.953623,0,0,0.0463768,0,0,0.810811,0,0,0.189189,1,0,0,0,0,0,0,0.900497,0.0995025,0,0,0,0,0,1,0,0,0,1,0,0,0,0,0,1,0,0,0,0,0,0,0,0.463704,0.536296,0,0,0,0,0,1,0,0,0,1,0,0,0,0,0,0,0.956522,0.0434783,0,0,0,0,0,0,1,0,0,0,1,0,0,0,0,0,0,0,1,0,0,0,0,0,0,0,0,0,0,0,0,0,0,0,0,0.615006,0.384994,0,0,0,0,0,0,0,0,0,0.169312,0.830688,1,0,0,0,0,0,0,1,0,0,0,0,0.5,0,0.5,0,0,0,0,0,0,0,0,0,1,0,0,0,0,0,0,0,0.968992,0.0310078,0,0,0,0,0,1,0,0,0,0,0,0,0,0,0,0,1,0,0,0,0,0.0300752,0,0,0.969925,0,0.23289,0.00492119,0,0,0,0.237425,0.00155895,0.000241125,0,0,0.000992962,0.00024271,0,0,0.239721,0.21913,0.25464,0,0,0.00507094,0.237425,0.00498913,0,0.237425,0,0,0.00309125,0.00920317,0.000257449,0,0.226135,6.67338,0.00928078,6.3795,0,0.00936993,-5.00961,0,0.250744,0.137866,0.331215,0,0.0050233,0.239721,0,1.34151,0.250748,0.253447,0.0443093,1.78039,0.0222178,0.0793058,0.16046,0,6.55253,0.142366,-1.55785,0,0.254251,-1.00429,0.000237969,0,0.0284407,0,0,-5.05684,0,-0.06985,0.142719,-0.069329,0.0492647,0,0.0365059,0,0.925168,0.0286944,0,0,0.000857687,0.927703,
29,,2,16,15,6,3,11,5,10,4,9,1,7,14,8,12,13,,,0.044500,500,4,1,21,0.0198143,0.00383149,0,0,0,0.0198143,0.00218942,0.000875769,0,0,0.00175154,0.000875769,0,0,0.0198143,0.0192669,0.0204164,0,0,0.000875769,0.0198143,0.00383149,0,0.0198143,0,0,0.00306519,0.00514514,0.000875769,0,0.0195406,0.02069,0.00514514,0.0198143,0,0.00514514,0.0453758,0,0.0201427,0.0195406,0.0220037,0,0.00383149,0.0198143,0,0.0171322,0.0188838,0.0202522,0.00514514,0.0220037,0.00383149,0.000875769,0.0164207,0,0.0369465,0.0164207,0.0282435,0,0.0201427,0.0171322,0.000875769,0,0.00859348,0,0,0.0445,0,0.010345,0.0164207,0.000875769,0.00350308,0,0.00859348,0,0.0282435,0.00859348,0,0,0.000875769,0.0291193,0,1,0,0,0,1,0,0,0,0,0,0,0,0,0,0,0,0,0,0,0,0,0,0,0,0,0,1,0,0,1,0,0,0,0,0,1,0,0,0,0,0,0,0,0,0,0,0,0,0,0,0,0.5,0,0.5,1,0,0,0,0,0,0,0,0,0,0,0,0,0,0,0,1,0,0,0,0,1,0,0,0,1,0,0,0,0,0,0,0,0,0,0,0,0,0,0,0,1,0,0,0,0,1,0,0,0,0,0,0,1,0,0,0,0,0,0,1,0,0,0,0,0,0,0,0,0,0,0,0,0,0,0.285714,0,0,0.714286,0,0,1,0,0,0,1,0,0,0,0,0,0,0,0,0,0,0,1,0,0,0.957672,0,0,0.042328,0,0,0,0,0,1,1,0,0,0,0,0,0,0,0,0,0,0,0,0,1,0.9807,0,0,0.0193004,0,0,0,0,0,0,0,1,0,0,0,0,0,0,1,0,0,0,1,0,0,0,0,0,0,0,0,0,0,1,0,1,0,0,0,0,0,0,0,0,0,0,0,1,0,0,0.953623,0,0,0.0463768,0,0,0.810811,0,0,0.189189,1,0,0,0,0,0,0,0.900497,0.0995025,0,0,0,0,0,1,0,0,0,1,0,0,0,0,0,1,0,0,0,0,0,0,0,0.463704,0.536296,0,0,0,0,0,1,0,0,0,1,0,0,0,0,0,0,0.956522,0.0434783,0,0,0,0,0,0,1,0,0,0,1,0,0,0,0,0,0,0,1,0,0,0,0,0,0,0,0,0,0,0,0,0,0,0,0,0.615006,0.384994,0,0,0,0,0,0,0,0,0,0.169312,0.830688,1,0,0,0,0,0,0,1,0,0,0,0,0.5,0,0.5,0,0,0,0,0,0,0,0,0,1,0,0,0,0,0,0,0,0.968992,0.0310078,0,0,0,0,0,1,0,0,0,0,0,0,0,0,0,0,1,0,0,0,0,0.0300752,0,0,0.969925,0,0.258008,0.00528976,0,0,0,0.263148,0.00167296,0.000258441,0,0,0.00106514,0.000260141,0,0,0.265752,0.242861,0.282699,0,0,0.00580254,0.263148,0.00536293,0,0.263148,0,0,0.00332039,0.00990662,0.000276727,0,0.250359,-9.17429,0.00999039,-8.78325,0,0.0100866,-4.10436,0,0.278269,0.17373,0.370358,0,0.00539972,0.265752,0,2.48449,0.288719,0.281342,0.0519381,3.27121,0.0251825,0.175274,0.177797,0,14.0052,0.156258,-1.27654,0,0.282256,-0.837858,0.000255057,0,0.0307477,0,0,-4.09717,0,-0.0486865,0.156652,-0.0581199,0.0597626,0,0.0407394,0,1.09492,0.0310234,0,0,0.00101004,1.09165,
